Category: 📺央视频道, Name: CCTV-1, Total: 32, Valid: 2, Valid Percent: 6.25%, Whitelist: 0, IPv4: 2, IPv6: 30, Min Delay: 35 ms, Max Speed: 28.96 M/s, Avg Speed: 14.91 M/s, Max Resolution: 1920x1080
Category: 📺央视频道, Name: CCTV-2, Total: 39, Valid: 6, Valid Percent: 15.38%, Whitelist: 0, IPv4: 6, IPv6: 33, Min Delay: 239 ms, Max Speed: 4.11 M/s, Avg Speed: 1.62 M/s, Max Resolution: 1920x1080
Category: 📺央视频道, Name: CCTV-3, Total: 45, Valid: 3, Valid Percent: 6.67%, Whitelist: 0, IPv4: 3, IPv6: 42, Min Delay: 38 ms, Max Speed: 28.31 M/s, Avg Speed: 11.24 M/s, Max Resolution: 1920x1080
Category: 📺央视频道, Name: CCTV-4, Total: 73, Valid: 3, Valid Percent: 4.11%, Whitelist: 0, IPv4: 3, IPv6: 70, Min Delay: 33 ms, Max Speed: 30.71 M/s, Avg Speed: 11.72 M/s, Max Resolution: 1920x1080
Category: 📺央视频道, Name: CCTV-5, Total: 82, Valid: 6, Valid Percent: 7.32%, Whitelist: 0, IPv4: 6, IPv6: 76, Min Delay: 44 ms, Max Speed: 24.92 M/s, Avg Speed: 6.25 M/s, Max Resolution: 1920x1080
Category: 📺央视频道, Name: CCTV-5+, Total: 12, Valid: 1, Valid Percent: 8.33%, Whitelist: 0, IPv4: 1, IPv6: 11, Min Delay: 34 ms, Max Speed: 30.00 M/s, Avg Speed: 30.00 M/s, Max Resolution: 1920x1080
Category: 📺央视频道, Name: CCTV-6, Total: 37, Valid: 1, Valid Percent: 2.70%, Whitelist: 0, IPv4: 1, IPv6: 36, Min Delay: 5236 ms, Max Speed: 0.78 M/s, Avg Speed: 0.78 M/s, Max Resolution: 1920x1080
Category: 📺央视频道, Name: CCTV-7, Total: 31, Valid: 3, Valid Percent: 9.68%, Whitelist: 0, IPv4: 3, IPv6: 28, Min Delay: 27 ms, Max Speed: 34.71 M/s, Avg Speed: 13.21 M/s, Max Resolution: 1920x1080
Category: 📺央视频道, Name: CCTV-8, Total: 32, Valid: 2, Valid Percent: 6.25%, Whitelist: 0, IPv4: 2, IPv6: 30, Min Delay: 38 ms, Max Speed: 30.33 M/s, Avg Speed: 15.79 M/s, Max Resolution: 1920x1080
Category: 📺央视频道, Name: CCTV-9, Total: 33, Valid: 3, Valid Percent: 9.09%, Whitelist: 0, IPv4: 3, IPv6: 30, Min Delay: 37 ms, Max Speed: 28.40 M/s, Avg Speed: 10.86 M/s, Max Resolution: 1920x1080
Category: 📺央视频道, Name: CCTV-10, Total: 33, Valid: 4, Valid Percent: 12.12%, Whitelist: 0, IPv4: 4, IPv6: 29, Min Delay: 35 ms, Max Speed: 28.91 M/s, Avg Speed: 8.69 M/s, Max Resolution: 1920x1080
Category: 📺央视频道, Name: CCTV-11, Total: 35, Valid: 3, Valid Percent: 8.57%, Whitelist: 0, IPv4: 3, IPv6: 32, Min Delay: 4438 ms, Max Speed: 2.01 M/s, Avg Speed: 1.16 M/s, Max Resolution: 1920x1080
Category: 📺央视频道, Name: CCTV-12, Total: 34, Valid: 3, Valid Percent: 8.82%, Whitelist: 0, IPv4: 3, IPv6: 31, Min Delay: 40 ms, Max Speed: 28.99 M/s, Avg Speed: 11.48 M/s, Max Resolution: 1920x1080
Category: 📺央视频道, Name: CCTV-13, Total: 37, Valid: 3, Valid Percent: 8.11%, Whitelist: 0, IPv4: 3, IPv6: 34, Min Delay: 31 ms, Max Speed: 31.05 M/s, Avg Speed: 11.10 M/s, Max Resolution: 1920x1080
Category: 📺央视频道, Name: CCTV-14, Total: 36, Valid: 3, Valid Percent: 8.33%, Whitelist: 0, IPv4: 3, IPv6: 33, Min Delay: 617 ms, Max Speed: 3.04 M/s, Avg Speed: 1.48 M/s, Max Resolution: 1920x1080
Category: 📺央视频道, Name: CCTV-15, Total: 47, Valid: 3, Valid Percent: 6.38%, Whitelist: 0, IPv4: 3, IPv6: 44, Min Delay: 29 ms, Max Speed: 34.49 M/s, Avg Speed: 12.04 M/s, Max Resolution: 1920x1080
Category: 📺央视频道, Name: CCTV-16, Total: 21, Valid: 4, Valid Percent: 19.05%, Whitelist: 0, IPv4: 4, IPv6: 17, Min Delay: 34 ms, Max Speed: 31.76 M/s, Avg Speed: 8.57 M/s, Max Resolution: 1920x1080
Category: 📺央视频道, Name: CCTV-17, Total: 40, Valid: 2, Valid Percent: 5.00%, Whitelist: 0, IPv4: 2, IPv6: 38, Min Delay: 1000 ms, Max Speed: 3.22 M/s, Avg Speed: 2.03 M/s, Max Resolution: 1920x1080
Category: 📺央视频道, Name: CETV-1, Total: 32, Valid: 0, Valid Percent: 0.00%, Whitelist: 0, IPv4: 0, IPv6: 32, Min Delay: -1 ms, Max Speed: 0.00 M/s, Avg Speed: 0.00 M/s, Max Resolution: None
Category: 📺央视频道, Name: CETV-2, Total: 30, Valid: 0, Valid Percent: 0.00%, Whitelist: 0, IPv4: 0, IPv6: 30, Min Delay: -1 ms, Max Speed: 0.00 M/s, Avg Speed: 0.00 M/s, Max Resolution: None
Category: 📺央视频道, Name: CETV-3, Total: 6, Valid: 0, Valid Percent: 0.00%, Whitelist: 0, IPv4: 0, IPv6: 6, Min Delay: -1 ms, Max Speed: 0.00 M/s, Avg Speed: 0.00 M/s, Max Resolution: None
Category: 📺央视频道, Name: CETV-4, Total: 31, Valid: 1, Valid Percent: 3.23%, Whitelist: 0, IPv4: 1, IPv6: 30, Min Delay: 507 ms, Max Speed: 0.01 M/s, Avg Speed: 0.01 M/s, Max Resolution: 1920x1080
Category: 💰央视付费频道, Name: 文化精品, Total: 3, Valid: 1, Valid Percent: 33.33%, Whitelist: 0, IPv4: 1, IPv6: 2, Min Delay: 443 ms, Max Speed: 6.51 M/s, Avg Speed: 6.51 M/s, Max Resolution: 1920x1080
Category: 💰央视付费频道, Name: 央视台球, Total: 4, Valid: 1, Valid Percent: 25.00%, Whitelist: 0, IPv4: 1, IPv6: 3, Min Delay: 2887 ms, Max Speed: 2.49 M/s, Avg Speed: 2.49 M/s, Max Resolution: 1920x1080
Category: 💰央视付费频道, Name: 风云音乐, Total: 3, Valid: 1, Valid Percent: 33.33%, Whitelist: 0, IPv4: 1, IPv6: 2, Min Delay: 684 ms, Max Speed: 8.26 M/s, Avg Speed: 8.26 M/s, Max Resolution: 1920x1080
Category: 💰央视付费频道, Name: 第一剧场, Total: 6, Valid: 1, Valid Percent: 16.67%, Whitelist: 0, IPv4: 1, IPv6: 5, Min Delay: 517 ms, Max Speed: 0.19 M/s, Avg Speed: 0.19 M/s, Max Resolution: 1920x1080
Category: 💰央视付费频道, Name: 风云剧场, Total: 3, Valid: 1, Valid Percent: 33.33%, Whitelist: 0, IPv4: 1, IPv6: 2, Min Delay: 825 ms, Max Speed: 5.01 M/s, Avg Speed: 5.01 M/s, Max Resolution: 1920x1080
Category: 💰央视付费频道, Name: 怀旧剧场, Total: 4, Valid: 2, Valid Percent: 50.00%, Whitelist: 0, IPv4: 2, IPv6: 2, Min Delay: 559 ms, Max Speed: 3.48 M/s, Avg Speed: 1.76 M/s, Max Resolution: 1920x1080
Category: 💰央视付费频道, Name: 女性时尚, Total: 2, Valid: 1, Valid Percent: 50.00%, Whitelist: 0, IPv4: 1, IPv6: 1, Min Delay: 5556 ms, Max Speed: 1.91 M/s, Avg Speed: 1.91 M/s, Max Resolution: 1920x1080
Category: 💰央视付费频道, Name: 高尔夫网球, Total: 3, Valid: 1, Valid Percent: 33.33%, Whitelist: 0, IPv4: 1, IPv6: 2, Min Delay: 3830 ms, Max Speed: 0.75 M/s, Avg Speed: 0.75 M/s, Max Resolution: 1920x1080
Category: 💰央视付费频道, Name: 风云足球, Total: 5, Valid: 1, Valid Percent: 20.00%, Whitelist: 0, IPv4: 1, IPv6: 4, Min Delay: 366 ms, Max Speed: 10.55 M/s, Avg Speed: 10.55 M/s, Max Resolution: 1920x1080
Category: 💰央视付费频道, Name: 电视指南, Total: 3, Valid: 2, Valid Percent: 66.67%, Whitelist: 0, IPv4: 2, IPv6: 1, Min Delay: 595 ms, Max Speed: 1.04 M/s, Avg Speed: 0.55 M/s, Max Resolution: 1920x1080
Category: 💰央视付费频道, Name: 世界地理, Total: 1, Valid: 1, Valid Percent: 100.00%, Whitelist: 0, IPv4: 1, IPv6: 0, Min Delay: 3335 ms, Max Speed: 2.29 M/s, Avg Speed: 2.29 M/s, Max Resolution: 1920x1080
Category: 💰央视付费频道, Name: 兵器科技, Total: 3, Valid: 1, Valid Percent: 33.33%, Whitelist: 0, IPv4: 1, IPv6: 2, Min Delay: 533 ms, Max Speed: 0.09 M/s, Avg Speed: 0.09 M/s, Max Resolution: 1920x1080
Category: 📡卫视频道, Name: 广东卫视, Total: 43, Valid: 2, Valid Percent: 4.65%, Whitelist: 0, IPv4: 2, IPv6: 41, Min Delay: 636 ms, Max Speed: 4.22 M/s, Avg Speed: 3.88 M/s, Max Resolution: 1920x1080
Category: 📡卫视频道, Name: 香港卫视, Total: 12, Valid: 0, Valid Percent: 0.00%, Whitelist: 0, IPv4: 0, IPv6: 12, Min Delay: -1 ms, Max Speed: 0.00 M/s, Avg Speed: 0.00 M/s, Max Resolution: None
Category: 📡卫视频道, Name: 浙江卫视, Total: 67, Valid: 9, Valid Percent: 13.43%, Whitelist: 0, IPv4: 9, IPv6: 58, Min Delay: 32 ms, Max Speed: 31.36 M/s, Avg Speed: 6.86 M/s, Max Resolution: 1920x1080
Category: 📡卫视频道, Name: 湖南卫视, Total: 54, Valid: 4, Valid Percent: 7.41%, Whitelist: 0, IPv4: 4, IPv6: 50, Min Delay: 8 ms, Max Speed: 40.91 M/s, Avg Speed: 21.23 M/s, Max Resolution: 3840x2160
Category: 📡卫视频道, Name: 北京卫视, Total: 54, Valid: 3, Valid Percent: 5.56%, Whitelist: 0, IPv4: 5, IPv6: 49, Min Delay: 6 ms, Max Speed: 34.34 M/s, Avg Speed: 16.69 M/s, Max Resolution: 1920x1080
Category: 📡卫视频道, Name: 湖北卫视, Total: 38, Valid: 2, Valid Percent: 5.26%, Whitelist: 0, IPv4: 2, IPv6: 36, Min Delay: 30 ms, Max Speed: 31.07 M/s, Avg Speed: 17.28 M/s, Max Resolution: 1920x1080
Category: 📡卫视频道, Name: 黑龙江卫视, Total: 19, Valid: 2, Valid Percent: 10.53%, Whitelist: 0, IPv4: 2, IPv6: 17, Min Delay: 36 ms, Max Speed: 27.79 M/s, Avg Speed: 14.14 M/s, Max Resolution: 1920x1080
Category: 📡卫视频道, Name: 安徽卫视, Total: 18, Valid: 1, Valid Percent: 5.56%, Whitelist: 0, IPv4: 1, IPv6: 17, Min Delay: 585 ms, Max Speed: 3.67 M/s, Avg Speed: 3.67 M/s, Max Resolution: 1920x1080
Category: 📡卫视频道, Name: 重庆卫视, Total: 18, Valid: 3, Valid Percent: 16.67%, Whitelist: 0, IPv4: 3, IPv6: 15, Min Delay: 32 ms, Max Speed: 31.78 M/s, Avg Speed: 14.12 M/s, Max Resolution: 1920x1080
Category: 📡卫视频道, Name: 东方卫视, Total: 42, Valid: 4, Valid Percent: 9.52%, Whitelist: 0, IPv4: 4, IPv6: 38, Min Delay: 38 ms, Max Speed: 28.34 M/s, Avg Speed: 9.25 M/s, Max Resolution: 1920x1080
Category: 📡卫视频道, Name: 东南卫视, Total: 20, Valid: 2, Valid Percent: 10.00%, Whitelist: 0, IPv4: 2, IPv6: 18, Min Delay: 589 ms, Max Speed: 3.38 M/s, Avg Speed: 2.55 M/s, Max Resolution: 1920x1080
Category: 📡卫视频道, Name: 甘肃卫视, Total: 15, Valid: 2, Valid Percent: 13.33%, Whitelist: 0, IPv4: 2, IPv6: 13, Min Delay: 35 ms, Max Speed: 30.43 M/s, Avg Speed: 16.07 M/s, Max Resolution: 1920x1080
Category: 📡卫视频道, Name: 广西卫视, Total: 19, Valid: 4, Valid Percent: 21.05%, Whitelist: 0, IPv4: 4, IPv6: 15, Min Delay: 31 ms, Max Speed: 31.52 M/s, Avg Speed: 9.93 M/s, Max Resolution: 1920x1080
Category: 📡卫视频道, Name: 贵州卫视, Total: 16, Valid: 2, Valid Percent: 12.50%, Whitelist: 0, IPv4: 2, IPv6: 14, Min Delay: 37 ms, Max Speed: 30.80 M/s, Avg Speed: 17.27 M/s, Max Resolution: 1920x1080
Category: 📡卫视频道, Name: 海南卫视, Total: 59, Valid: 1, Valid Percent: 1.69%, Whitelist: 0, IPv4: 1, IPv6: 58, Min Delay: 35 ms, Max Speed: 28.22 M/s, Avg Speed: 28.22 M/s, Max Resolution: 1920x1080
Category: 📡卫视频道, Name: 河北卫视, Total: 20, Valid: 1, Valid Percent: 5.00%, Whitelist: 0, IPv4: 1, IPv6: 19, Min Delay: 613 ms, Max Speed: 4.36 M/s, Avg Speed: 4.36 M/s, Max Resolution: 1920x1080
Category: 📡卫视频道, Name: 河南卫视, Total: 37, Valid: 2, Valid Percent: 5.41%, Whitelist: 0, IPv4: 2, IPv6: 35, Min Delay: 17 ms, Max Speed: 43.58 M/s, Avg Speed: 34.66 M/s, Max Resolution: 1920x1080
Category: 📡卫视频道, Name: 吉林卫视, Total: 37, Valid: 3, Valid Percent: 8.11%, Whitelist: 0, IPv4: 3, IPv6: 34, Min Delay: 32 ms, Max Speed: 30.49 M/s, Avg Speed: 12.35 M/s, Max Resolution: 1920x1080
Category: 📡卫视频道, Name: 江苏卫视, Total: 42, Valid: 3, Valid Percent: 7.14%, Whitelist: 0, IPv4: 3, IPv6: 39, Min Delay: 44 ms, Max Speed: 25.76 M/s, Avg Speed: 9.01 M/s, Max Resolution: 1920x1080
Category: 📡卫视频道, Name: 江西卫视, Total: 40, Valid: 2, Valid Percent: 5.00%, Whitelist: 0, IPv4: 2, IPv6: 38, Min Delay: 30 ms, Max Speed: 31.60 M/s, Avg Speed: 17.04 M/s, Max Resolution: 1920x1080
Category: 📡卫视频道, Name: 辽宁卫视, Total: 42, Valid: 3, Valid Percent: 7.14%, Whitelist: 0, IPv4: 3, IPv6: 39, Min Delay: 38 ms, Max Speed: 27.70 M/s, Avg Speed: 11.20 M/s, Max Resolution: 1920x1080
Category: 📡卫视频道, Name: 内蒙古卫视, Total: 36, Valid: 3, Valid Percent: 8.33%, Whitelist: 0, IPv4: 3, IPv6: 33, Min Delay: 40 ms, Max Speed: 26.01 M/s, Avg Speed: 10.33 M/s, Max Resolution: 1920x1080
Category: 📡卫视频道, Name: 宁夏卫视, Total: 31, Valid: 2, Valid Percent: 6.45%, Whitelist: 0, IPv4: 2, IPv6: 29, Min Delay: 38 ms, Max Speed: 28.93 M/s, Avg Speed: 15.17 M/s, Max Resolution: 1920x1080
Category: 📡卫视频道, Name: 青海卫视, Total: 36, Valid: 2, Valid Percent: 5.56%, Whitelist: 0, IPv4: 2, IPv6: 34, Min Delay: 433 ms, Max Speed: 6.01 M/s, Avg Speed: 5.03 M/s, Max Resolution: 1920x1080
Category: 📡卫视频道, Name: 山东卫视, Total: 18, Valid: 2, Valid Percent: 11.11%, Whitelist: 0, IPv4: 2, IPv6: 16, Min Delay: 36 ms, Max Speed: 27.42 M/s, Avg Speed: 14.36 M/s, Max Resolution: 1920x1080
Category: 📡卫视频道, Name: 山西卫视, Total: 14, Valid: 2, Valid Percent: 14.29%, Whitelist: 0, IPv4: 2, IPv6: 12, Min Delay: 614 ms, Max Speed: 3.58 M/s, Avg Speed: 2.13 M/s, Max Resolution: 1920x1080
Category: 📡卫视频道, Name: 陕西卫视, Total: 35, Valid: 3, Valid Percent: 8.57%, Whitelist: 0, IPv4: 3, IPv6: 32, Min Delay: 34 ms, Max Speed: 30.01 M/s, Avg Speed: 11.35 M/s, Max Resolution: 1920x1080
Category: 📡卫视频道, Name: 四川卫视, Total: 19, Valid: 3, Valid Percent: 15.79%, Whitelist: 0, IPv4: 3, IPv6: 16, Min Delay: 8 ms, Max Speed: 24.31 M/s, Avg Speed: 12.53 M/s, Max Resolution: 1920x1080
Category: 📡卫视频道, Name: 深圳卫视, Total: 26, Valid: 5, Valid Percent: 19.23%, Whitelist: 0, IPv4: 5, IPv6: 21, Min Delay: 32 ms, Max Speed: 32.00 M/s, Avg Speed: 7.51 M/s, Max Resolution: 1920x1080
Category: 📡卫视频道, Name: 三沙卫视, Total: 27, Valid: 1, Valid Percent: 3.70%, Whitelist: 0, IPv4: 1, IPv6: 26, Min Delay: 6998 ms, Max Speed: 0.84 M/s, Avg Speed: 0.84 M/s, Max Resolution: 1920x1080
Category: 📡卫视频道, Name: 天津卫视, Total: 20, Valid: 3, Valid Percent: 15.00%, Whitelist: 0, IPv4: 3, IPv6: 17, Min Delay: 38 ms, Max Speed: 28.00 M/s, Avg Speed: 10.97 M/s, Max Resolution: 1920x1080
Category: 📡卫视频道, Name: 西藏卫视, Total: 5, Valid: 1, Valid Percent: 20.00%, Whitelist: 0, IPv4: 1, IPv6: 4, Min Delay: 35 ms, Max Speed: 28.26 M/s, Avg Speed: 28.26 M/s, Max Resolution: 1920x1080
Category: 📡卫视频道, Name: 新疆卫视, Total: 16, Valid: 1, Valid Percent: 6.25%, Whitelist: 0, IPv4: 1, IPv6: 15, Min Delay: 34 ms, Max Speed: 30.13 M/s, Avg Speed: 30.13 M/s, Max Resolution: 1920x1080
Category: 📡卫视频道, Name: 云南卫视, Total: 16, Valid: 3, Valid Percent: 18.75%, Whitelist: 0, IPv4: 3, IPv6: 13, Min Delay: 35 ms, Max Speed: 30.34 M/s, Avg Speed: 11.78 M/s, Max Resolution: 1920x1080
Category: ☘️广东频道, Name: 广东珠江, Total: 32, Valid: 0, Valid Percent: 0.00%, Whitelist: 0, IPv4: 0, IPv6: 32, Min Delay: -1 ms, Max Speed: 0.00 M/s, Avg Speed: 0.00 M/s, Max Resolution: None
Category: ☘️广东频道, Name: 广东体育, Total: 57, Valid: 1, Valid Percent: 1.75%, Whitelist: 0, IPv4: 1, IPv6: 56, Min Delay: 10463 ms, Max Speed: 0.02 M/s, Avg Speed: 0.02 M/s, Max Resolution: 720x576
Category: ☘️广东频道, Name: 广东新闻, Total: 32, Valid: 0, Valid Percent: 0.00%, Whitelist: 0, IPv4: 0, IPv6: 32, Min Delay: -1 ms, Max Speed: 0.00 M/s, Avg Speed: 0.00 M/s, Max Resolution: None
Category: ☘️广东频道, Name: 广东卫视, Total: 41, Valid: 0, Valid Percent: 0.00%, Whitelist: 0, IPv4: 0, IPv6: 41, Min Delay: -1 ms, Max Speed: 0.00 M/s, Avg Speed: 0.00 M/s, Max Resolution: None
Category: ☘️广东频道, Name: 广东民生, Total: 31, Valid: 0, Valid Percent: 0.00%, Whitelist: 0, IPv4: 0, IPv6: 31, Min Delay: -1 ms, Max Speed: 0.00 M/s, Avg Speed: 0.00 M/s, Max Resolution: None
Category: ☘️广东频道, Name: 大湾区卫视, Total: 30, Valid: 0, Valid Percent: 0.00%, Whitelist: 0, IPv4: 0, IPv6: 30, Min Delay: -1 ms, Max Speed: 0.00 M/s, Avg Speed: 0.00 M/s, Max Resolution: None
Category: ☘️广东频道, Name: 广州综合, Total: 8, Valid: 0, Valid Percent: 0.00%, Whitelist: 0, IPv4: 0, IPv6: 8, Min Delay: -1 ms, Max Speed: 0.00 M/s, Avg Speed: 0.00 M/s, Max Resolution: None
Category: ☘️广东频道, Name: 广州影视, Total: 7, Valid: 0, Valid Percent: 0.00%, Whitelist: 0, IPv4: 0, IPv6: 7, Min Delay: -1 ms, Max Speed: 0.00 M/s, Avg Speed: 0.00 M/s, Max Resolution: None
Category: ☘️广东频道, Name: 广州竞赛, Total: 9, Valid: 0, Valid Percent: 0.00%, Whitelist: 0, IPv4: 0, IPv6: 9, Min Delay: -1 ms, Max Speed: 0.00 M/s, Avg Speed: 0.00 M/s, Max Resolution: None
Category: ☘️广东频道, Name: 江门综合, Total: 8, Valid: 0, Valid Percent: 0.00%, Whitelist: 0, IPv4: 0, IPv6: 8, Min Delay: -1 ms, Max Speed: 0.00 M/s, Avg Speed: 0.00 M/s, Max Resolution: None
Category: ☘️广东频道, Name: 佛山综合, Total: 7, Valid: 0, Valid Percent: 0.00%, Whitelist: 0, IPv4: 0, IPv6: 7, Min Delay: -1 ms, Max Speed: 0.00 M/s, Avg Speed: 0.00 M/s, Max Resolution: None
Category: ☘️广东频道, Name: 深圳卫视, Total: 21, Valid: 0, Valid Percent: 0.00%, Whitelist: 0, IPv4: 0, IPv6: 21, Min Delay: -1 ms, Max Speed: 0.00 M/s, Avg Speed: 0.00 M/s, Max Resolution: None
Category: ☘️广东频道, Name: 汕头综合, Total: 9, Valid: 0, Valid Percent: 0.00%, Whitelist: 0, IPv4: 0, IPv6: 9, Min Delay: -1 ms, Max Speed: 0.00 M/s, Avg Speed: 0.00 M/s, Max Resolution: None
Category: ☘️广东频道, Name: 汕头经济, Total: 6, Valid: 0, Valid Percent: 0.00%, Whitelist: 0, IPv4: 0, IPv6: 6, Min Delay: -1 ms, Max Speed: 0.00 M/s, Avg Speed: 0.00 M/s, Max Resolution: None
Category: ☘️浙江频道, Name: 浙江钱江, Total: 7, Valid: 4, Valid Percent: 57.14%, Whitelist: 0, IPv4: 4, IPv6: 3, Min Delay: 1785 ms, Max Speed: 1.05 M/s, Avg Speed: 0.95 M/s, Max Resolution: 1920x1080
Category: ☘️浙江频道, Name: 浙江钱江都市, Total: 1, Valid: 1, Valid Percent: 100.00%, Whitelist: 0, IPv4: 1, IPv6: 0, Min Delay: 2958 ms, Max Speed: 2.03 M/s, Avg Speed: 2.03 M/s, Max Resolution: 1920x1080
Category: ☘️浙江频道, Name: 浙江生活, Total: 7, Valid: 3, Valid Percent: 42.86%, Whitelist: 0, IPv4: 3, IPv6: 4, Min Delay: 1931 ms, Max Speed: 1.02 M/s, Avg Speed: 1.00 M/s, Max Resolution: 1920x1080
Category: ☘️浙江频道, Name: 浙江经济生活, Total: 3, Valid: 2, Valid Percent: 66.67%, Whitelist: 0, IPv4: 2, IPv6: 1, Min Delay: 106 ms, Max Speed: 17.86 M/s, Avg Speed: 9.66 M/s, Max Resolution: 1920x1080
Category: ☘️浙江频道, Name: 浙江教育, Total: 2, Valid: 2, Valid Percent: 100.00%, Whitelist: 0, IPv4: 2, IPv6: 0, Min Delay: 1964 ms, Max Speed: 0.93 M/s, Avg Speed: 0.92 M/s, Max Resolution: 1920x1080
Category: ☘️浙江频道, Name: 浙江民生, Total: 4, Valid: 4, Valid Percent: 100.00%, Whitelist: 0, IPv4: 4, IPv6: 0, Min Delay: 1899 ms, Max Speed: 1.13 M/s, Avg Speed: 1.05 M/s, Max Resolution: 1920x1080
Category: ☘️浙江频道, Name: 浙江新闻, Total: 11, Valid: 5, Valid Percent: 45.45%, Whitelist: 0, IPv4: 5, IPv6: 6, Min Delay: 1750 ms, Max Speed: 1.34 M/s, Avg Speed: 0.99 M/s, Max Resolution: 1920x1080
Category: ☘️浙江频道, Name: 浙江少儿, Total: 7, Valid: 3, Valid Percent: 42.86%, Whitelist: 0, IPv4: 3, IPv6: 4, Min Delay: 1881 ms, Max Speed: 0.96 M/s, Avg Speed: 0.94 M/s, Max Resolution: 1920x1080
Category: ☘️浙江频道, Name: 杭州综合, Total: 2, Valid: 0, Valid Percent: 0.00%, Whitelist: 0, IPv4: 0, IPv6: 2, Min Delay: -1 ms, Max Speed: 0.00 M/s, Avg Speed: 0.00 M/s, Max Resolution: None
Category: ☘️浙江频道, Name: 杭州明珠, Total: 2, Valid: 0, Valid Percent: 0.00%, Whitelist: 0, IPv4: 0, IPv6: 2, Min Delay: -1 ms, Max Speed: 0.00 M/s, Avg Speed: 0.00 M/s, Max Resolution: None
Category: ☘️浙江频道, Name: 杭州生活, Total: 3, Valid: 0, Valid Percent: 0.00%, Whitelist: 0, IPv4: 0, IPv6: 3, Min Delay: -1 ms, Max Speed: 0.00 M/s, Avg Speed: 0.00 M/s, Max Resolution: None
Category: ☘️浙江频道, Name: 杭州影视, Total: 1, Valid: 0, Valid Percent: 0.00%, Whitelist: 0, IPv4: 0, IPv6: 1, Min Delay: -1 ms, Max Speed: 0.00 M/s, Avg Speed: 0.00 M/s, Max Resolution: None
Category: ☘️浙江频道, Name: 浙江教科, Total: 1, Valid: 1, Valid Percent: 100.00%, Whitelist: 0, IPv4: 1, IPv6: 0, Min Delay: 1767 ms, Max Speed: 0.97 M/s, Avg Speed: 0.97 M/s, Max Resolution: 1920x1080
Category: ☘️浙江频道, Name: 之江纪录, Total: 3, Valid: 3, Valid Percent: 100.00%, Whitelist: 0, IPv4: 3, IPv6: 0, Min Delay: 1761 ms, Max Speed: 2.90 M/s, Avg Speed: 1.57 M/s, Max Resolution: 1920x1080
Category: ☘️浙江频道, Name: 浙江国际, Total: 10, Valid: 5, Valid Percent: 50.00%, Whitelist: 0, IPv4: 5, IPv6: 5, Min Delay: 133 ms, Max Speed: 16.14 M/s, Avg Speed: 3.90 M/s, Max Resolution: 1920x1080
Category: ☘️浙江频道, Name: 嘉兴新闻综合, Total: 2, Valid: 1, Valid Percent: 50.00%, Whitelist: 0, IPv4: 1, IPv6: 1, Min Delay: 2902 ms, Max Speed: 0.64 M/s, Avg Speed: 0.64 M/s, Max Resolution: 1920x1080
Category: ☘️浙江频道, Name: 湖州公共, Total: 3, Valid: 0, Valid Percent: 0.00%, Whitelist: 0, IPv4: 0, IPv6: 3, Min Delay: -1 ms, Max Speed: 0.00 M/s, Avg Speed: 0.00 M/s, Max Resolution: None
Category: ☘️浙江频道, Name: 湖州新闻综合, Total: 3, Valid: 3, Valid Percent: 100.00%, Whitelist: 0, IPv4: 3, IPv6: 0, Min Delay: 1401 ms, Max Speed: 0.23 M/s, Avg Speed: 0.20 M/s, Max Resolution: 1280x720
Category: ☘️浙江频道, Name: 湖州文化娱乐, Total: 3, Valid: 3, Valid Percent: 100.00%, Whitelist: 0, IPv4: 3, IPv6: 0, Min Delay: 2830 ms, Max Speed: 0.47 M/s, Avg Speed: 0.46 M/s, Max Resolution: 1280x720
Category: ☘️浙江频道, Name: 浙江留学, Total: 1, Valid: 1, Valid Percent: 100.00%, Whitelist: 0, IPv4: 1, IPv6: 0, Min Delay: 1419 ms, Max Speed: 0.26 M/s, Avg Speed: 0.26 M/s, Max Resolution: 1920x1080
Category: ☘️浙江频道, Name: 浙江民生休闲, Total: 7, Valid: 1, Valid Percent: 14.29%, Whitelist: 0, IPv4: 1, IPv6: 6, Min Delay: 1504 ms, Max Speed: 3.37 M/s, Avg Speed: 3.37 M/s, Max Resolution: 1920x1080
Category: ☘️浙江频道, Name: 浙江数码时代, Total: 1, Valid: 1, Valid Percent: 100.00%, Whitelist: 0, IPv4: 1, IPv6: 0, Min Delay: 2028 ms, Max Speed: 0.89 M/s, Avg Speed: 0.89 M/s, Max Resolution: 1920x1080
Category: ☘️浙江频道, Name: 浙江教科影院, Total: 1, Valid: 1, Valid Percent: 100.00%, Whitelist: 0, IPv4: 1, IPv6: 0, Min Delay: 2000 ms, Max Speed: 0.92 M/s, Avg Speed: 0.92 M/s, Max Resolution: 1920x1080
Category: ☘️浙江频道, Name: 浙江教科影视, Total: 2, Valid: 2, Valid Percent: 100.00%, Whitelist: 0, IPv4: 2, IPv6: 0, Min Delay: 97 ms, Max Speed: 19.80 M/s, Avg Speed: 10.27 M/s, Max Resolution: 1920x1080
Category: ☘️浙江频道, Name: 浙江公共新闻, Total: 4, Valid: 1, Valid Percent: 25.00%, Whitelist: 0, IPv4: 1, IPv6: 3, Min Delay: 2177 ms, Max Speed: 1.49 M/s, Avg Speed: 1.49 M/s, Max Resolution: 1920x1080
Category: ☘️浙江频道, Name: 浙江休闲台, Total: 1, Valid: 1, Valid Percent: 100.00%, Whitelist: 0, IPv4: 1, IPv6: 0, Min Delay: 1767 ms, Max Speed: 0.80 M/s, Avg Speed: 0.80 M/s, Max Resolution: 1280x720
Category: ☘️浙江频道, Name: 浙江青田, Total: 1, Valid: 1, Valid Percent: 100.00%, Whitelist: 0, IPv4: 1, IPv6: 0, Min Delay: 2611 ms, Max Speed: 0.49 M/s, Avg Speed: 0.49 M/s, Max Resolution: 1920x1080
Category: ☘️浙江频道, Name: 浙江遂昌, Total: 1, Valid: 1, Valid Percent: 100.00%, Whitelist: 0, IPv4: 1, IPv6: 0, Min Delay: 2254 ms, Max Speed: 0.41 M/s, Avg Speed: 0.41 M/s, Max Resolution: 1920x1080
Category: ☘️浙江频道, Name: 诸暨新闻综合, Total: 1, Valid: 1, Valid Percent: 100.00%, Whitelist: 0, IPv4: 1, IPv6: 0, Min Delay: 3854 ms, Max Speed: 0.80 M/s, Avg Speed: 0.80 M/s, Max Resolution: 1920x1080
Category: ☘️浙江频道, Name: 龙游生活娱乐, Total: 3, Valid: 3, Valid Percent: 100.00%, Whitelist: 0, IPv4: 3, IPv6: 0, Min Delay: 2684 ms, Max Speed: 0.60 M/s, Avg Speed: 0.56 M/s, Max Resolution: 1280x720
Category: ☘️浙江频道, Name: 龙游新闻综合, Total: 2, Valid: 2, Valid Percent: 100.00%, Whitelist: 0, IPv4: 2, IPv6: 0, Min Delay: 3576 ms, Max Speed: 0.75 M/s, Avg Speed: 0.74 M/s, Max Resolution: 1280x720
Category: ☘️浙江频道, Name: 龙泉新闻综合, Total: 1, Valid: 1, Valid Percent: 100.00%, Whitelist: 0, IPv4: 1, IPv6: 0, Min Delay: 2809 ms, Max Speed: 0.63 M/s, Avg Speed: 0.63 M/s, Max Resolution: 1920x1080
Category: ☘️浙江频道, Name: 遂昌综合, Total: 1, Valid: 1, Valid Percent: 100.00%, Whitelist: 0, IPv4: 1, IPv6: 0, Min Delay: 2209 ms, Max Speed: 0.40 M/s, Avg Speed: 0.40 M/s, Max Resolution: 1920x1080
Category: ☘️浙江频道, Name: 象山综合, Total: 2, Valid: 2, Valid Percent: 100.00%, Whitelist: 0, IPv4: 2, IPv6: 0, Min Delay: 708 ms, Max Speed: 2.28 M/s, Avg Speed: 1.44 M/s, Max Resolution: 1920x1080
Category: ☘️浙江频道, Name: 衢江新闻综合, Total: 4, Valid: 0, Valid Percent: 0.00%, Whitelist: 0, IPv4: 0, IPv6: 4, Min Delay: -1 ms, Max Speed: 0.00 M/s, Avg Speed: 0.00 M/s, Max Resolution: None
Category: ☘️浙江频道, Name: 萧山生活, Total: 3, Valid: 3, Valid Percent: 100.00%, Whitelist: 0, IPv4: 3, IPv6: 0, Min Delay: 3168 ms, Max Speed: 0.78 M/s, Avg Speed: 0.75 M/s, Max Resolution: 1280x720
Category: ☘️浙江频道, Name: 萧山新闻综合, Total: 8, Valid: 0, Valid Percent: 0.00%, Whitelist: 0, IPv4: 0, IPv6: 8, Min Delay: -1 ms, Max Speed: 0.00 M/s, Avg Speed: 0.00 M/s, Max Resolution: None
Category: ☘️浙江频道, Name: 苍南新闻综合, Total: 4, Valid: 0, Valid Percent: 0.00%, Whitelist: 0, IPv4: 0, IPv6: 4, Min Delay: -1 ms, Max Speed: 0.00 M/s, Avg Speed: 0.00 M/s, Max Resolution: None
Category: ☘️浙江频道, Name: 缙云综合, Total: 2, Valid: 2, Valid Percent: 100.00%, Whitelist: 0, IPv4: 2, IPv6: 0, Min Delay: 2755 ms, Max Speed: 0.60 M/s, Avg Speed: 0.57 M/s, Max Resolution: 1280x720
Category: ☘️浙江频道, Name: 缙云新闻综合, Total: 1, Valid: 1, Valid Percent: 100.00%, Whitelist: 0, IPv4: 1, IPv6: 0, Min Delay: 2907 ms, Max Speed: 0.58 M/s, Avg Speed: 0.58 M/s, Max Resolution: 1280x720
Category: ☘️浙江频道, Name: 绍兴电视台公共, Total: 1, Valid: 1, Valid Percent: 100.00%, Whitelist: 0, IPv4: 1, IPv6: 0, Min Delay: 10057 ms, Max Speed: 0.08 M/s, Avg Speed: 0.08 M/s, Max Resolution: 1280x720
Category: ☘️浙江频道, Name: 绍兴新闻综合, Total: 3, Valid: 0, Valid Percent: 0.00%, Whitelist: 0, IPv4: 0, IPv6: 3, Min Delay: -1 ms, Max Speed: 0.00 M/s, Avg Speed: 0.00 M/s, Max Resolution: None
Category: ☘️浙江频道, Name: 绍兴文化影院, Total: 4, Valid: 0, Valid Percent: 0.00%, Whitelist: 0, IPv4: 0, IPv6: 4, Min Delay: -1 ms, Max Speed: 0.00 M/s, Avg Speed: 0.00 M/s, Max Resolution: None
Category: ☘️浙江频道, Name: 绍兴文化影视, Total: 1, Valid: 0, Valid Percent: 0.00%, Whitelist: 0, IPv4: 0, IPv6: 1, Min Delay: -1 ms, Max Speed: 0.00 M/s, Avg Speed: 0.00 M/s, Max Resolution: None
Category: ☘️浙江频道, Name: 绍兴公共, Total: 5, Valid: 0, Valid Percent: 0.00%, Whitelist: 0, IPv4: 0, IPv6: 5, Min Delay: -1 ms, Max Speed: 0.00 M/s, Avg Speed: 0.00 M/s, Max Resolution: None
Category: ☘️浙江频道, Name: 湖州公共民生, Total: 1, Valid: 1, Valid Percent: 100.00%, Whitelist: 0, IPv4: 1, IPv6: 0, Min Delay: 2711 ms, Max Speed: 0.22 M/s, Avg Speed: 0.22 M/s, Max Resolution: 1280x720
Category: ☘️浙江频道, Name: 海宁新闻综合, Total: 3, Valid: 3, Valid Percent: 100.00%, Whitelist: 0, IPv4: 3, IPv6: 0, Min Delay: 189 ms, Max Speed: 2.79 M/s, Avg Speed: 1.29 M/s, Max Resolution: 1280x720
Category: ☘️浙江频道, Name: 洞头综合, Total: 2, Valid: 2, Valid Percent: 100.00%, Whitelist: 0, IPv4: 2, IPv6: 0, Min Delay: 2693 ms, Max Speed: 0.65 M/s, Avg Speed: 0.64 M/s, Max Resolution: 720x540
Category: ☘️浙江频道, Name: 永嘉新闻综合, Total: 3, Valid: 0, Valid Percent: 0.00%, Whitelist: 0, IPv4: 0, IPv6: 3, Min Delay: -1 ms, Max Speed: 0.00 M/s, Avg Speed: 0.00 M/s, Max Resolution: None
Category: ☘️浙江频道, Name: 武义新闻综合, Total: 1, Valid: 0, Valid Percent: 0.00%, Whitelist: 0, IPv4: 0, IPv6: 1, Min Delay: -1 ms, Max Speed: 0.00 M/s, Avg Speed: 0.00 M/s, Max Resolution: None
Category: ☘️浙江频道, Name: 松阳综合, Total: 3, Valid: 3, Valid Percent: 100.00%, Whitelist: 0, IPv4: 3, IPv6: 0, Min Delay: 7138 ms, Max Speed: 1.15 M/s, Avg Speed: 1.12 M/s, Max Resolution: 1920x1080
Category: ☘️浙江频道, Name: 普陀电视台, Total: 2, Valid: 2, Valid Percent: 100.00%, Whitelist: 0, IPv4: 2, IPv6: 0, Min Delay: 2766 ms, Max Speed: 0.61 M/s, Avg Speed: 0.57 M/s, Max Resolution: 1280x720
Category: ☘️浙江频道, Name: 普陀新闻综合, Total: 1, Valid: 1, Valid Percent: 100.00%, Whitelist: 0, IPv4: 1, IPv6: 0, Min Delay: 2692 ms, Max Speed: 0.62 M/s, Avg Speed: 0.62 M/s, Max Resolution: 1280x720
Category: ☘️浙江频道, Name: 新昌生活, Total: 1, Valid: 1, Valid Percent: 100.00%, Whitelist: 0, IPv4: 1, IPv6: 0, Min Delay: 2591 ms, Max Speed: 0.45 M/s, Avg Speed: 0.45 M/s, Max Resolution: 1920x1080
Category: ☘️浙江频道, Name: 新昌新闻综合, Total: 2, Valid: 0, Valid Percent: 0.00%, Whitelist: 0, IPv4: 0, IPv6: 2, Min Delay: -1 ms, Max Speed: 0.00 M/s, Avg Speed: 0.00 M/s, Max Resolution: None
Category: ☘️浙江频道, Name: 文成综合, Total: 2, Valid: 2, Valid Percent: 100.00%, Whitelist: 0, IPv4: 2, IPv6: 0, Min Delay: 2774 ms, Max Speed: 0.59 M/s, Avg Speed: 0.59 M/s, Max Resolution: 1280x720
Category: ☘️浙江频道, Name: 文成新闻综合, Total: 1, Valid: 1, Valid Percent: 100.00%, Whitelist: 0, IPv4: 1, IPv6: 0, Min Delay: 2778 ms, Max Speed: 0.61 M/s, Avg Speed: 0.61 M/s, Max Resolution: 1280x720
Category: ☘️浙江频道, Name: 数码时代, Total: 1, Valid: 1, Valid Percent: 100.00%, Whitelist: 0, IPv4: 1, IPv6: 0, Min Delay: 1847 ms, Max Speed: 1.16 M/s, Avg Speed: 1.16 M/s, Max Resolution: 1280x720
Category: ☘️浙江频道, Name: 开化新闻综合, Total: 2, Valid: 0, Valid Percent: 0.00%, Whitelist: 0, IPv4: 0, IPv6: 2, Min Delay: -1 ms, Max Speed: 0.00 M/s, Avg Speed: 0.00 M/s, Max Resolution: None
Category: ☘️浙江频道, Name: 开化国家公园, Total: 4, Valid: 4, Valid Percent: 100.00%, Whitelist: 0, IPv4: 4, IPv6: 0, Min Delay: 2449 ms, Max Speed: 0.64 M/s, Avg Speed: 0.61 M/s, Max Resolution: 1280x720
Category: ☘️浙江频道, Name: 庆元综合, Total: 1, Valid: 1, Valid Percent: 100.00%, Whitelist: 0, IPv4: 1, IPv6: 0, Min Delay: 3158 ms, Max Speed: 0.71 M/s, Avg Speed: 0.71 M/s, Max Resolution: 1920x1080
Category: ☘️浙江频道, Name: 平湖民生休闲, Total: 2, Valid: 2, Valid Percent: 100.00%, Whitelist: 0, IPv4: 2, IPv6: 0, Min Delay: 1636 ms, Max Speed: 0.18 M/s, Avg Speed: 0.17 M/s, Max Resolution: 1280x720
Category: ☘️浙江频道, Name: 平湖新闻综合, Total: 4, Valid: 0, Valid Percent: 0.00%, Whitelist: 0, IPv4: 0, IPv6: 4, Min Delay: -1 ms, Max Speed: 0.00 M/s, Avg Speed: 0.00 M/s, Max Resolution: None
Category: ☘️浙江频道, Name: 嵊泗综合, Total: 3, Valid: 1, Valid Percent: 33.33%, Whitelist: 0, IPv4: 1, IPv6: 2, Min Delay: 3254 ms, Max Speed: 0.56 M/s, Avg Speed: 0.56 M/s, Max Resolution: 720x576
Category: ☘️浙江频道, Name: 嵊州新闻综合, Total: 1, Valid: 0, Valid Percent: 0.00%, Whitelist: 0, IPv4: 0, IPv6: 1, Min Delay: -1 ms, Max Speed: 0.00 M/s, Avg Speed: 0.00 M/s, Max Resolution: None
Category: ☘️浙江频道, Name: 兰溪新闻综合, Total: 2, Valid: 0, Valid Percent: 0.00%, Whitelist: 0, IPv4: 0, IPv6: 2, Min Delay: -1 ms, Max Speed: 0.00 M/s, Avg Speed: 0.00 M/s, Max Resolution: None
Category: ☘️浙江频道, Name: 余杭综合, Total: 1, Valid: 1, Valid Percent: 100.00%, Whitelist: 0, IPv4: 1, IPv6: 0, Min Delay: 2408 ms, Max Speed: 0.51 M/s, Avg Speed: 0.51 M/s, Max Resolution: 1920x1080
Category: ☘️浙江频道, Name: 余杭未来E, Total: 1, Valid: 1, Valid Percent: 100.00%, Whitelist: 0, IPv4: 1, IPv6: 0, Min Delay: 3373 ms, Max Speed: 0.65 M/s, Avg Speed: 0.65 M/s, Max Resolution: 1920x1080
Category: ☘️浙江频道, Name: 余姚综合, Total: 1, Valid: 1, Valid Percent: 100.00%, Whitelist: 0, IPv4: 1, IPv6: 0, Min Delay: 2682 ms, Max Speed: 0.64 M/s, Avg Speed: 0.64 M/s, Max Resolution: 1920x1080
Category: ☘️浙江频道, Name: 余姚新闻综合, Total: 1, Valid: 1, Valid Percent: 100.00%, Whitelist: 0, IPv4: 1, IPv6: 0, Min Delay: 2819 ms, Max Speed: 0.61 M/s, Avg Speed: 0.61 M/s, Max Resolution: 1920x1080
Category: ☘️浙江频道, Name: 云和新闻综合, Total: 2, Valid: 2, Valid Percent: 100.00%, Whitelist: 0, IPv4: 2, IPv6: 0, Min Delay: 3537 ms, Max Speed: 0.78 M/s, Avg Speed: 0.76 M/s, Max Resolution: 1280x720
Category: ☘️浙江频道, Name: 中国蓝新闻, Total: 2, Valid: 2, Valid Percent: 100.00%, Whitelist: 0, IPv4: 2, IPv6: 0, Min Delay: 1351 ms, Max Speed: 0.27 M/s, Avg Speed: 0.26 M/s, Max Resolution: 1920x1080
Category: ☘️浙江频道, Name: 东阳影视生活, Total: 1, Valid: 1, Valid Percent: 100.00%, Whitelist: 0, IPv4: 1, IPv6: 0, Min Delay: 3840 ms, Max Speed: 0.86 M/s, Avg Speed: 0.86 M/s, Max Resolution: 1280x720
Category: ☘️浙江频道, Name: 上虞新闻综合, Total: 1, Valid: 1, Valid Percent: 100.00%, Whitelist: 0, IPv4: 1, IPv6: 0, Min Delay: 4214 ms, Max Speed: 0.82 M/s, Avg Speed: 0.82 M/s, Max Resolution: 1920x1080
Category: ☘️浙江频道, Name: 上虞新商都, Total: 6, Valid: 1, Valid Percent: 16.67%, Whitelist: 0, IPv4: 1, IPv6: 5, Min Delay: 3860 ms, Max Speed: 0.86 M/s, Avg Speed: 0.86 M/s, Max Resolution: 1920x1080
Category: ☘️浙江频道, Name: 上虞文化影院, Total: 5, Valid: 1, Valid Percent: 20.00%, Whitelist: 0, IPv4: 1, IPv6: 4, Min Delay: 4065 ms, Max Speed: 0.85 M/s, Avg Speed: 0.85 M/s, Max Resolution: 1920x1080
Category: ☘️北京频道, Name: 北京卡酷少儿, Total: 31, Valid: 0, Valid Percent: 0.00%, Whitelist: 0, IPv4: 0, IPv6: 31, Min Delay: -1 ms, Max Speed: 0.00 M/s, Avg Speed: 0.00 M/s, Max Resolution: None
Category: ☘️北京频道, Name: 北京新闻, Total: 25, Valid: 2, Valid Percent: 8.00%, Whitelist: 0, IPv4: 2, IPv6: 23, Min Delay: 11 ms, Max Speed: 9.55 M/s, Avg Speed: 4.78 M/s, Max Resolution: None
Category: ☘️北京频道, Name: 北京生活, Total: 22, Valid: 1, Valid Percent: 4.55%, Whitelist: 0, IPv4: 1, IPv6: 21, Min Delay: 1397 ms, Max Speed: 0.07 M/s, Avg Speed: 0.07 M/s, Max Resolution: None
Category: ☘️北京频道, Name: 北京科教, Total: 1, Valid: 1, Valid Percent: 100.00%, Whitelist: 0, IPv4: 1, IPv6: 0, Min Delay: 19 ms, Max Speed: 5.94 M/s, Avg Speed: 5.94 M/s, Max Resolution: 19x24
Category: ☘️北京频道, Name: 北京财经, Total: 21, Valid: 0, Valid Percent: 0.00%, Whitelist: 0, IPv4: 0, IPv6: 21, Min Delay: -1 ms, Max Speed: 0.00 M/s, Avg Speed: 0.00 M/s, Max Resolution: None
Category: ☘️北京频道, Name: 北京青年, Total: 1, Valid: 1, Valid Percent: 100.00%, Whitelist: 0, IPv4: 1, IPv6: 0, Min Delay: 19 ms, Max Speed: 5.75 M/s, Avg Speed: 5.75 M/s, Max Resolution: 19x24
Category: ☘️上海频道, Name: 上海新闻综合, Total: 27, Valid: 0, Valid Percent: 0.00%, Whitelist: 0, IPv4: 0, IPv6: 27, Min Delay: -1 ms, Max Speed: 0.00 M/s, Avg Speed: 0.00 M/s, Max Resolution: None
Category: ☘️上海频道, Name: 上海第一财经, Total: 24, Valid: 1, Valid Percent: 4.17%, Whitelist: 0, IPv4: 1, IPv6: 23, Min Delay: 12 ms, Max Speed: 9.49 M/s, Avg Speed: 9.49 M/s, Max Resolution: None
Category: ☘️上海频道, Name: 上海纪实, Total: 5, Valid: 0, Valid Percent: 0.00%, Whitelist: 0, IPv4: 0, IPv6: 5, Min Delay: -1 ms, Max Speed: 0.00 M/s, Avg Speed: 0.00 M/s, Max Resolution: None
Category: ☘️上海频道, Name: 上海都市, Total: 29, Valid: 0, Valid Percent: 0.00%, Whitelist: 0, IPv4: 0, IPv6: 29, Min Delay: -1 ms, Max Speed: 0.00 M/s, Avg Speed: 0.00 M/s, Max Resolution: None
Category: ☘️上海频道, Name: 东方影视, Total: 8, Valid: 0, Valid Percent: 0.00%, Whitelist: 0, IPv4: 0, IPv6: 8, Min Delay: -1 ms, Max Speed: 0.00 M/s, Avg Speed: 0.00 M/s, Max Resolution: None
Category: ☘️上海频道, Name: 东方财经, Total: 1, Valid: 0, Valid Percent: 0.00%, Whitelist: 0, IPv4: 0, IPv6: 1, Min Delay: -1 ms, Max Speed: 0.00 M/s, Avg Speed: 0.00 M/s, Max Resolution: None
Category: ☘️上海频道, Name: 全纪实, Total: 1, Valid: 0, Valid Percent: 0.00%, Whitelist: 0, IPv4: 1, IPv6: 0, Min Delay: 481 ms, Max Speed: 0.00 M/s, Avg Speed: 0.00 M/s, Max Resolution: None
Category: ☘️上海频道, Name: 动漫秀场, Total: 11, Valid: 0, Valid Percent: 0.00%, Whitelist: 0, IPv4: 0, IPv6: 11, Min Delay: -1 ms, Max Speed: 0.00 M/s, Avg Speed: 0.00 M/s, Max Resolution: None
Category: ☘️上海频道, Name: 哈哈炫动, Total: 30, Valid: 0, Valid Percent: 0.00%, Whitelist: 0, IPv4: 0, IPv6: 30, Min Delay: -1 ms, Max Speed: 0.00 M/s, Avg Speed: 0.00 M/s, Max Resolution: None
Category: ☘️上海频道, Name: 新闻综合, Total: 12, Valid: 1, Valid Percent: 8.33%, Whitelist: 0, IPv4: 1, IPv6: 11, Min Delay: 2627 ms, Max Speed: 0.52 M/s, Avg Speed: 0.52 M/s, Max Resolution: 1920x1080
Category: ☘️上海频道, Name: 欢笑剧场, Total: 13, Valid: 0, Valid Percent: 0.00%, Whitelist: 0, IPv4: 0, IPv6: 13, Min Delay: -1 ms, Max Speed: 0.00 M/s, Avg Speed: 0.00 M/s, Max Resolution: None
Category: ☘️上海频道, Name: 法治天地, Total: 10, Valid: 1, Valid Percent: 10.00%, Whitelist: 0, IPv4: 1, IPv6: 9, Min Delay: 515 ms, Max Speed: 0.12 M/s, Avg Speed: 0.12 M/s, Max Resolution: 1920x1080
Category: ☘️上海频道, Name: 生活时尚, Total: 11, Valid: 0, Valid Percent: 0.00%, Whitelist: 0, IPv4: 0, IPv6: 11, Min Delay: -1 ms, Max Speed: 0.00 M/s, Avg Speed: 0.00 M/s, Max Resolution: None
Category: ☘️上海频道, Name: 第一财经, Total: 12, Valid: 1, Valid Percent: 8.33%, Whitelist: 0, IPv4: 1, IPv6: 11, Min Delay: 7 ms, Max Speed: 14.64 M/s, Avg Speed: 14.64 M/s, Max Resolution: None
Category: ☘️上海频道, Name: 纪实人文, Total: 2, Valid: 0, Valid Percent: 0.00%, Whitelist: 0, IPv4: 0, IPv6: 2, Min Delay: -1 ms, Max Speed: 0.00 M/s, Avg Speed: 0.00 M/s, Max Resolution: None
Category: ☘️上海频道, Name: 都市剧场, Total: 13, Valid: 2, Valid Percent: 15.38%, Whitelist: 0, IPv4: 2, IPv6: 11, Min Delay: 11 ms, Max Speed: 9.52 M/s, Avg Speed: 4.76 M/s, Max Resolution: 1920x1080
Category: ☘️重庆频道, Name: 璧山综合, Total: 2, Valid: 2, Valid Percent: 100.00%, Whitelist: 0, IPv4: 2, IPv6: 0, Min Delay: 10086 ms, Max Speed: 0.11 M/s, Avg Speed: 0.10 M/s, Max Resolution: 1920x1080
Category: ☘️重庆频道, Name: 铜梁综合, Total: 2, Valid: 2, Valid Percent: 100.00%, Whitelist: 0, IPv4: 2, IPv6: 0, Min Delay: 6820 ms, Max Speed: 0.17 M/s, Avg Speed: 0.16 M/s, Max Resolution: 720x576
Category: ☘️重庆频道, Name: 重庆汽摩, Total: 7, Valid: 6, Valid Percent: 85.71%, Whitelist: 0, IPv4: 7, IPv6: 0, Min Delay: 1413 ms, Max Speed: 0.19 M/s, Avg Speed: 0.10 M/s, Max Resolution: 1920x1080
Category: ☘️重庆频道, Name: 江津新闻综合, Total: 1, Valid: 1, Valid Percent: 100.00%, Whitelist: 0, IPv4: 1, IPv6: 0, Min Delay: 10808 ms, Max Speed: 0.08 M/s, Avg Speed: 0.08 M/s, Max Resolution: 1920x1080
Category: ☘️重庆频道, Name: 垫江综合, Total: 1, Valid: 1, Valid Percent: 100.00%, Whitelist: 0, IPv4: 1, IPv6: 0, Min Delay: 1413 ms, Max Speed: 0.06 M/s, Avg Speed: 0.06 M/s, Max Resolution: 720x576
Category: ☘️重庆频道, Name: 万州三峡移民, Total: 1, Valid: 1, Valid Percent: 100.00%, Whitelist: 0, IPv4: 1, IPv6: 0, Min Delay: 1419 ms, Max Speed: 0.06 M/s, Avg Speed: 0.06 M/s, Max Resolution: 720x576
Category: ☘️重庆频道, Name: 重庆新闻, Total: 1, Valid: 0, Valid Percent: 0.00%, Whitelist: 0, IPv4: 1, IPv6: 0, Min Delay: 166 ms, Max Speed: 0.00 M/s, Avg Speed: 0.00 M/s, Max Resolution: 1280x720
Category: ☘️重庆频道, Name: 重庆时尚购物, Total: 1, Valid: 0, Valid Percent: 0.00%, Whitelist: 0, IPv4: 1, IPv6: 0, Min Delay: 496 ms, Max Speed: 0.00 M/s, Avg Speed: 0.00 M/s, Max Resolution: None
Category: ☘️江苏频道, Name: 东海新闻, Total: 1, Valid: 0, Valid Percent: 0.00%, Whitelist: 0, IPv4: 0, IPv6: 1, Min Delay: -1 ms, Max Speed: 0.00 M/s, Avg Speed: 0.00 M/s, Max Resolution: None
Category: ☘️江苏频道, Name: 优漫卡通, Total: 3, Valid: 0, Valid Percent: 0.00%, Whitelist: 0, IPv4: 0, IPv6: 3, Min Delay: -1 ms, Max Speed: 0.00 M/s, Avg Speed: 0.00 M/s, Max Resolution: None
Category: ☘️江苏频道, Name: 六合新闻综合, Total: 1, Valid: 1, Valid Percent: 100.00%, Whitelist: 0, IPv4: 1, IPv6: 0, Min Delay: 1267 ms, Max Speed: 0.72 M/s, Avg Speed: 0.72 M/s, Max Resolution: 1280x720
Category: ☘️江苏频道, Name: 南京十八, Total: 4, Valid: 0, Valid Percent: 0.00%, Whitelist: 0, IPv4: 0, IPv6: 4, Min Delay: -1 ms, Max Speed: 0.00 M/s, Avg Speed: 0.00 M/s, Max Resolution: None
Category: ☘️江苏频道, Name: 南京少儿, Total: 1, Valid: 0, Valid Percent: 0.00%, Whitelist: 0, IPv4: 0, IPv6: 1, Min Delay: -1 ms, Max Speed: 0.00 M/s, Avg Speed: 0.00 M/s, Max Resolution: None
Category: ☘️江苏频道, Name: 南京教科, Total: 5, Valid: 0, Valid Percent: 0.00%, Whitelist: 0, IPv4: 0, IPv6: 5, Min Delay: -1 ms, Max Speed: 0.00 M/s, Avg Speed: 0.00 M/s, Max Resolution: None
Category: ☘️江苏频道, Name: 南京新闻综合, Total: 5, Valid: 0, Valid Percent: 0.00%, Whitelist: 0, IPv4: 0, IPv6: 5, Min Delay: -1 ms, Max Speed: 0.00 M/s, Avg Speed: 0.00 M/s, Max Resolution: None
Category: ☘️江苏频道, Name: 南通新闻综合, Total: 6, Valid: 0, Valid Percent: 0.00%, Whitelist: 0, IPv4: 0, IPv6: 6, Min Delay: -1 ms, Max Speed: 0.00 M/s, Avg Speed: 0.00 M/s, Max Resolution: None
Category: ☘️江苏频道, Name: 句容党建, Total: 4, Valid: 4, Valid Percent: 100.00%, Whitelist: 0, IPv4: 4, IPv6: 0, Min Delay: 2037 ms, Max Speed: 1.01 M/s, Avg Speed: 0.73 M/s, Max Resolution: 1280x720
Category: ☘️江苏频道, Name: 句容影院, Total: 1, Valid: 1, Valid Percent: 100.00%, Whitelist: 0, IPv4: 1, IPv6: 0, Min Delay: 1537 ms, Max Speed: 0.23 M/s, Avg Speed: 0.23 M/s, Max Resolution: 720x576
Category: ☘️江苏频道, Name: 句容新闻综合, Total: 2, Valid: 2, Valid Percent: 100.00%, Whitelist: 0, IPv4: 2, IPv6: 0, Min Delay: 1928 ms, Max Speed: 0.31 M/s, Avg Speed: 0.31 M/s, Max Resolution: 720x576
Category: ☘️江苏频道, Name: 句容生活, Total: 2, Valid: 2, Valid Percent: 100.00%, Whitelist: 0, IPv4: 2, IPv6: 0, Min Delay: 1314 ms, Max Speed: 0.22 M/s, Avg Speed: 0.21 M/s, Max Resolution: 720x576
Category: ☘️江苏频道, Name: 宜兴新闻, Total: 3, Valid: 0, Valid Percent: 0.00%, Whitelist: 0, IPv4: 0, IPv6: 3, Min Delay: -1 ms, Max Speed: 0.00 M/s, Avg Speed: 0.00 M/s, Max Resolution: None
Category: ☘️江苏频道, Name: 宜兴紫砂, Total: 1, Valid: 0, Valid Percent: 0.00%, Whitelist: 0, IPv4: 1, IPv6: 0, Min Delay: 893 ms, Max Speed: 0.00 M/s, Avg Speed: 0.00 M/s, Max Resolution: None
Category: ☘️江苏频道, Name: 宿迁公共, Total: 1, Valid: 0, Valid Percent: 0.00%, Whitelist: 0, IPv4: 0, IPv6: 1, Min Delay: -1 ms, Max Speed: 0.00 M/s, Avg Speed: 0.00 M/s, Max Resolution: None
Category: ☘️江苏频道, Name: 常州公共, Total: 1, Valid: 0, Valid Percent: 0.00%, Whitelist: 0, IPv4: 0, IPv6: 1, Min Delay: -1 ms, Max Speed: 0.00 M/s, Avg Speed: 0.00 M/s, Max Resolution: None
Category: ☘️江苏频道, Name: 常州生活, Total: 1, Valid: 0, Valid Percent: 0.00%, Whitelist: 0, IPv4: 0, IPv6: 1, Min Delay: -1 ms, Max Speed: 0.00 M/s, Avg Speed: 0.00 M/s, Max Resolution: None
Category: ☘️江苏频道, Name: 常州都市, Total: 1, Valid: 0, Valid Percent: 0.00%, Whitelist: 0, IPv4: 0, IPv6: 1, Min Delay: -1 ms, Max Speed: 0.00 M/s, Avg Speed: 0.00 M/s, Max Resolution: None
Category: ☘️江苏频道, Name: 常熟民生, Total: 1, Valid: 0, Valid Percent: 0.00%, Whitelist: 0, IPv4: 1, IPv6: 0, Min Delay: 2846 ms, Max Speed: 0.00 M/s, Avg Speed: 0.00 M/s, Max Resolution: None
Category: ☘️江苏频道, Name: 徐州公共, Total: 1, Valid: 0, Valid Percent: 0.00%, Whitelist: 0, IPv4: 0, IPv6: 1, Min Delay: -1 ms, Max Speed: 0.00 M/s, Avg Speed: 0.00 M/s, Max Resolution: None
Category: ☘️江苏频道, Name: 新沂新闻, Total: 1, Valid: 0, Valid Percent: 0.00%, Whitelist: 0, IPv4: 0, IPv6: 1, Min Delay: -1 ms, Max Speed: 0.00 M/s, Avg Speed: 0.00 M/s, Max Resolution: None
Category: ☘️江苏频道, Name: 新沂生活, Total: 1, Valid: 0, Valid Percent: 0.00%, Whitelist: 0, IPv4: 0, IPv6: 1, Min Delay: -1 ms, Max Speed: 0.00 M/s, Avg Speed: 0.00 M/s, Max Resolution: None
Category: ☘️江苏频道, Name: 无锡经济, Total: 1, Valid: 0, Valid Percent: 0.00%, Whitelist: 0, IPv4: 0, IPv6: 1, Min Delay: -1 ms, Max Speed: 0.00 M/s, Avg Speed: 0.00 M/s, Max Resolution: None
Category: ☘️江苏频道, Name: 武进新闻, Total: 3, Valid: 3, Valid Percent: 100.00%, Whitelist: 0, IPv4: 3, IPv6: 0, Min Delay: 4895 ms, Max Speed: 0.08 M/s, Avg Speed: 0.08 M/s, Max Resolution: 720x576
Category: ☘️江苏频道, Name: 武进生活, Total: 3, Valid: 3, Valid Percent: 100.00%, Whitelist: 0, IPv4: 3, IPv6: 0, Min Delay: 7443 ms, Max Speed: 0.11 M/s, Avg Speed: 0.11 M/s, Max Resolution: 720x576
Category: ☘️江苏频道, Name: 江宁新闻, Total: 1, Valid: 0, Valid Percent: 0.00%, Whitelist: 0, IPv4: 0, IPv6: 1, Min Delay: -1 ms, Max Speed: 0.00 M/s, Avg Speed: 0.00 M/s, Max Resolution: None
Category: ☘️江苏频道, Name: 江苏体育, Total: 10, Valid: 0, Valid Percent: 0.00%, Whitelist: 0, IPv4: 0, IPv6: 10, Min Delay: -1 ms, Max Speed: 0.00 M/s, Avg Speed: 0.00 M/s, Max Resolution: None
Category: ☘️江苏频道, Name: 江苏公共, Total: 1, Valid: 0, Valid Percent: 0.00%, Whitelist: 0, IPv4: 0, IPv6: 1, Min Delay: -1 ms, Max Speed: 0.00 M/s, Avg Speed: 0.00 M/s, Max Resolution: None
Category: ☘️江苏频道, Name: 江苏城市, Total: 10, Valid: 0, Valid Percent: 0.00%, Whitelist: 0, IPv4: 0, IPv6: 10, Min Delay: -1 ms, Max Speed: 0.00 M/s, Avg Speed: 0.00 M/s, Max Resolution: None
Category: ☘️江苏频道, Name: 江苏影视, Total: 10, Valid: 0, Valid Percent: 0.00%, Whitelist: 0, IPv4: 0, IPv6: 10, Min Delay: -1 ms, Max Speed: 0.00 M/s, Avg Speed: 0.00 M/s, Max Resolution: None
Category: ☘️江苏频道, Name: 江苏教育, Total: 11, Valid: 0, Valid Percent: 0.00%, Whitelist: 0, IPv4: 0, IPv6: 11, Min Delay: -1 ms, Max Speed: 0.00 M/s, Avg Speed: 0.00 M/s, Max Resolution: None
Category: ☘️江苏频道, Name: 沭阳综合, Total: 1, Valid: 0, Valid Percent: 0.00%, Whitelist: 0, IPv4: 0, IPv6: 1, Min Delay: -1 ms, Max Speed: 0.00 M/s, Avg Speed: 0.00 M/s, Max Resolution: None
Category: ☘️江苏频道, Name: 泗洪新闻综合, Total: 1, Valid: 0, Valid Percent: 0.00%, Whitelist: 0, IPv4: 0, IPv6: 1, Min Delay: -1 ms, Max Speed: 0.00 M/s, Avg Speed: 0.00 M/s, Max Resolution: None
Category: ☘️江苏频道, Name: 泗阳综合, Total: 1, Valid: 1, Valid Percent: 100.00%, Whitelist: 0, IPv4: 1, IPv6: 0, Min Delay: 2672 ms, Max Speed: 0.24 M/s, Avg Speed: 0.24 M/s, Max Resolution: 1920x1080
Category: ☘️江苏频道, Name: 泰州一套新闻综合, Total: 1, Valid: 0, Valid Percent: 0.00%, Whitelist: 0, IPv4: 0, IPv6: 1, Min Delay: -1 ms, Max Speed: 0.00 M/s, Avg Speed: 0.00 M/s, Max Resolution: None
Category: ☘️江苏频道, Name: 涟水电视台综合, Total: 6, Valid: 0, Valid Percent: 0.00%, Whitelist: 0, IPv4: 0, IPv6: 6, Min Delay: -1 ms, Max Speed: 0.00 M/s, Avg Speed: 0.00 M/s, Max Resolution: None
Category: ☘️江苏频道, Name: 淮安影院娱乐, Total: 2, Valid: 0, Valid Percent: 0.00%, Whitelist: 0, IPv4: 0, IPv6: 2, Min Delay: -1 ms, Max Speed: 0.00 M/s, Avg Speed: 0.00 M/s, Max Resolution: None
Category: ☘️江苏频道, Name: 淮安新闻综合, Total: 5, Valid: 0, Valid Percent: 0.00%, Whitelist: 0, IPv4: 0, IPv6: 5, Min Delay: -1 ms, Max Speed: 0.00 M/s, Avg Speed: 0.00 M/s, Max Resolution: None
Category: ☘️江苏频道, Name: 淮阴综合, Total: 1, Valid: 0, Valid Percent: 0.00%, Whitelist: 0, IPv4: 0, IPv6: 1, Min Delay: -1 ms, Max Speed: 0.00 M/s, Avg Speed: 0.00 M/s, Max Resolution: None
Category: ☘️江苏频道, Name: 溧水新闻综合, Total: 6, Valid: 0, Valid Percent: 0.00%, Whitelist: 0, IPv4: 0, IPv6: 6, Min Delay: -1 ms, Max Speed: 0.00 M/s, Avg Speed: 0.00 M/s, Max Resolution: None
Category: ☘️江苏频道, Name: 滨海新闻综合, Total: 1, Valid: 1, Valid Percent: 100.00%, Whitelist: 0, IPv4: 1, IPv6: 0, Min Delay: 1113 ms, Max Speed: 1.51 M/s, Avg Speed: 1.51 M/s, Max Resolution: 1920x1080
Category: ☘️江苏频道, Name: 睢宁三农, Total: 1, Valid: 0, Valid Percent: 0.00%, Whitelist: 0, IPv4: 0, IPv6: 1, Min Delay: -1 ms, Max Speed: 0.00 M/s, Avg Speed: 0.00 M/s, Max Resolution: None
Category: ☘️江苏频道, Name: 睢宁综合, Total: 1, Valid: 0, Valid Percent: 0.00%, Whitelist: 0, IPv4: 0, IPv6: 1, Min Delay: -1 ms, Max Speed: 0.00 M/s, Avg Speed: 0.00 M/s, Max Resolution: None
Category: ☘️江苏频道, Name: 睢宁资讯, Total: 1, Valid: 0, Valid Percent: 0.00%, Whitelist: 0, IPv4: 0, IPv6: 1, Min Delay: -1 ms, Max Speed: 0.00 M/s, Avg Speed: 0.00 M/s, Max Resolution: None
Category: ☘️江苏频道, Name: 苏州文化生活, Total: 1, Valid: 0, Valid Percent: 0.00%, Whitelist: 0, IPv4: 0, IPv6: 1, Min Delay: -1 ms, Max Speed: 0.00 M/s, Avg Speed: 0.00 M/s, Max Resolution: None
Category: ☘️江苏频道, Name: 苏州新闻综合, Total: 2, Valid: 1, Valid Percent: 50.00%, Whitelist: 0, IPv4: 1, IPv6: 1, Min Delay: 1092 ms, Max Speed: 1.01 M/s, Avg Speed: 1.01 M/s, Max Resolution: 1920x1080
Category: ☘️江苏频道, Name: 苏州生活资讯, Total: 1, Valid: 0, Valid Percent: 0.00%, Whitelist: 0, IPv4: 0, IPv6: 1, Min Delay: -1 ms, Max Speed: 0.00 M/s, Avg Speed: 0.00 M/s, Max Resolution: None
Category: ☘️江苏频道, Name: 苏州社会经济, Total: 1, Valid: 0, Valid Percent: 0.00%, Whitelist: 0, IPv4: 0, IPv6: 1, Min Delay: -1 ms, Max Speed: 0.00 M/s, Avg Speed: 0.00 M/s, Max Resolution: None
Category: ☘️江苏频道, Name: 连云港公共, Total: 1, Valid: 0, Valid Percent: 0.00%, Whitelist: 0, IPv4: 0, IPv6: 1, Min Delay: -1 ms, Max Speed: 0.00 M/s, Avg Speed: 0.00 M/s, Max Resolution: None
Category: ☘️江苏频道, Name: 连云港新闻综合, Total: 10, Valid: 0, Valid Percent: 0.00%, Whitelist: 0, IPv4: 0, IPv6: 10, Min Delay: -1 ms, Max Speed: 0.00 M/s, Avg Speed: 0.00 M/s, Max Resolution: None
Category: ☘️江苏频道, Name: 镇江二套社会民生, Total: 1, Valid: 1, Valid Percent: 100.00%, Whitelist: 0, IPv4: 1, IPv6: 0, Min Delay: 21 ms, Max Speed: 52.89 M/s, Avg Speed: 52.89 M/s, Max Resolution: 1920x1080
Category: ☘️江苏频道, Name: 镇江新闻综合, Total: 10, Valid: 4, Valid Percent: 40.00%, Whitelist: 0, IPv4: 4, IPv6: 6, Min Delay: 21 ms, Max Speed: 51.01 M/s, Avg Speed: 15.39 M/s, Max Resolution: 1920x1080
Category: ☘️江苏频道, Name: 靖江新闻综合, Total: 3, Valid: 0, Valid Percent: 0.00%, Whitelist: 0, IPv4: 0, IPv6: 3, Min Delay: -1 ms, Max Speed: 0.00 M/s, Avg Speed: 0.00 M/s, Max Resolution: None
Category: ☘️辽宁频道, Name: 朝阳新闻综合, Total: 1, Valid: 0, Valid Percent: 0.00%, Whitelist: 0, IPv4: 1, IPv6: 0, Min Delay: 10531 ms, Max Speed: 0.00 M/s, Avg Speed: 0.00 M/s, Max Resolution: 1280x720
Category: ☘️辽宁频道, Name: 辽宁北方, Total: 1, Valid: 0, Valid Percent: 0.00%, Whitelist: 0, IPv4: 0, IPv6: 1, Min Delay: -1 ms, Max Speed: 0.00 M/s, Avg Speed: 0.00 M/s, Max Resolution: None
Category: ☘️辽宁频道, Name: 辽宁影视剧, Total: 3, Valid: 0, Valid Percent: 0.00%, Whitelist: 0, IPv4: 0, IPv6: 3, Min Delay: -1 ms, Max Speed: 0.00 M/s, Avg Speed: 0.00 M/s, Max Resolution: None
Category: ☘️辽宁频道, Name: 辽宁教育青少, Total: 1, Valid: 0, Valid Percent: 0.00%, Whitelist: 0, IPv4: 0, IPv6: 1, Min Delay: -1 ms, Max Speed: 0.00 M/s, Avg Speed: 0.00 M/s, Max Resolution: None
Category: ☘️辽宁频道, Name: 辽宁生活, Total: 1, Valid: 0, Valid Percent: 0.00%, Whitelist: 0, IPv4: 0, IPv6: 1, Min Delay: -1 ms, Max Speed: 0.00 M/s, Avg Speed: 0.00 M/s, Max Resolution: None
Category: ☘️辽宁频道, Name: 辽宁经济, Total: 1, Valid: 0, Valid Percent: 0.00%, Whitelist: 0, IPv4: 0, IPv6: 1, Min Delay: -1 ms, Max Speed: 0.00 M/s, Avg Speed: 0.00 M/s, Max Resolution: None
Category: ☘️辽宁频道, Name: 辽宁都市, Total: 2, Valid: 0, Valid Percent: 0.00%, Whitelist: 0, IPv4: 0, IPv6: 2, Min Delay: -1 ms, Max Speed: 0.00 M/s, Avg Speed: 0.00 M/s, Max Resolution: None
Category: ☘️湖南频道, Name: 湖南都市, Total: 7, Valid: 0, Valid Percent: 0.00%, Whitelist: 0, IPv4: 0, IPv6: 7, Min Delay: -1 ms, Max Speed: 0.00 M/s, Avg Speed: 0.00 M/s, Max Resolution: None
Category: ☘️湖南频道, Name: 湖南经视, Total: 8, Valid: 0, Valid Percent: 0.00%, Whitelist: 0, IPv4: 0, IPv6: 8, Min Delay: -1 ms, Max Speed: 0.00 M/s, Avg Speed: 0.00 M/s, Max Resolution: None
Category: ☘️湖南频道, Name: 湖南电视剧, Total: 9, Valid: 0, Valid Percent: 0.00%, Whitelist: 0, IPv4: 0, IPv6: 9, Min Delay: -1 ms, Max Speed: 0.00 M/s, Avg Speed: 0.00 M/s, Max Resolution: None
Category: ☘️湖南频道, Name: 湖南电影, Total: 2, Valid: 0, Valid Percent: 0.00%, Whitelist: 0, IPv4: 0, IPv6: 2, Min Delay: -1 ms, Max Speed: 0.00 M/s, Avg Speed: 0.00 M/s, Max Resolution: None
Category: ☘️湖南频道, Name: 湖南爱晚, Total: 1, Valid: 0, Valid Percent: 0.00%, Whitelist: 0, IPv4: 0, IPv6: 1, Min Delay: -1 ms, Max Speed: 0.00 M/s, Avg Speed: 0.00 M/s, Max Resolution: None
Category: ☘️湖南频道, Name: 湖南教育, Total: 1, Valid: 0, Valid Percent: 0.00%, Whitelist: 0, IPv4: 0, IPv6: 1, Min Delay: -1 ms, Max Speed: 0.00 M/s, Avg Speed: 0.00 M/s, Max Resolution: None
Category: ☘️湖南频道, Name: 湖南娱乐, Total: 2, Valid: 0, Valid Percent: 0.00%, Whitelist: 0, IPv4: 0, IPv6: 2, Min Delay: -1 ms, Max Speed: 0.00 M/s, Avg Speed: 0.00 M/s, Max Resolution: None
Category: ☘️湖南频道, Name: 湖南国际, Total: 2, Valid: 0, Valid Percent: 0.00%, Whitelist: 0, IPv4: 0, IPv6: 2, Min Delay: -1 ms, Max Speed: 0.00 M/s, Avg Speed: 0.00 M/s, Max Resolution: None
Category: ☘️湖南频道, Name: 湖南公共, Total: 4, Valid: 0, Valid Percent: 0.00%, Whitelist: 0, IPv4: 0, IPv6: 4, Min Delay: -1 ms, Max Speed: 0.00 M/s, Avg Speed: 0.00 M/s, Max Resolution: None
Category: ☘️湖南频道, Name: 金鹰纪实, Total: 10, Valid: 0, Valid Percent: 0.00%, Whitelist: 0, IPv4: 0, IPv6: 10, Min Delay: -1 ms, Max Speed: 0.00 M/s, Avg Speed: 0.00 M/s, Max Resolution: None
Category: ☘️湖南频道, Name: 长沙新闻综合, Total: 1, Valid: 0, Valid Percent: 0.00%, Whitelist: 0, IPv4: 0, IPv6: 1, Min Delay: -1 ms, Max Speed: 0.00 M/s, Avg Speed: 0.00 M/s, Max Resolution: None
Category: ☘️湖南频道, Name: 长沙新闻, Total: 1, Valid: 0, Valid Percent: 0.00%, Whitelist: 0, IPv4: 0, IPv6: 1, Min Delay: -1 ms, Max Speed: 0.00 M/s, Avg Speed: 0.00 M/s, Max Resolution: None
Category: ☘️湖南频道, Name: 衡阳新闻综合, Total: 1, Valid: 1, Valid Percent: 100.00%, Whitelist: 0, IPv4: 1, IPv6: 0, Min Delay: 10520 ms, Max Speed: 0.01 M/s, Avg Speed: 0.01 M/s, Max Resolution: 800x480
Category: ☘️湖南频道, Name: 娄底综合, Total: 1, Valid: 0, Valid Percent: 0.00%, Whitelist: 0, IPv4: 0, IPv6: 1, Min Delay: -1 ms, Max Speed: 0.00 M/s, Avg Speed: 0.00 M/s, Max Resolution: None
Category: ☘️湖北频道, Name: 湖北综合, Total: 3, Valid: 0, Valid Percent: 0.00%, Whitelist: 0, IPv4: 0, IPv6: 3, Min Delay: -1 ms, Max Speed: 0.00 M/s, Avg Speed: 0.00 M/s, Max Resolution: None
Category: ☘️湖北频道, Name: 湖北经视, Total: 2, Valid: 0, Valid Percent: 0.00%, Whitelist: 0, IPv4: 0, IPv6: 2, Min Delay: -1 ms, Max Speed: 0.00 M/s, Avg Speed: 0.00 M/s, Max Resolution: None
Category: ☘️湖北频道, Name: 湖北生活, Total: 4, Valid: 0, Valid Percent: 0.00%, Whitelist: 0, IPv4: 0, IPv6: 4, Min Delay: -1 ms, Max Speed: 0.00 M/s, Avg Speed: 0.00 M/s, Max Resolution: None
Category: ☘️湖北频道, Name: 湖北教育, Total: 3, Valid: 0, Valid Percent: 0.00%, Whitelist: 0, IPv4: 0, IPv6: 3, Min Delay: -1 ms, Max Speed: 0.00 M/s, Avg Speed: 0.00 M/s, Max Resolution: None
Category: ☘️湖北频道, Name: 湖北影视, Total: 3, Valid: 0, Valid Percent: 0.00%, Whitelist: 0, IPv4: 0, IPv6: 3, Min Delay: -1 ms, Max Speed: 0.00 M/s, Avg Speed: 0.00 M/s, Max Resolution: None
Category: ☘️湖北频道, Name: 湖北公共, Total: 1, Valid: 0, Valid Percent: 0.00%, Whitelist: 0, IPv4: 0, IPv6: 1, Min Delay: -1 ms, Max Speed: 0.00 M/s, Avg Speed: 0.00 M/s, Max Resolution: None
Category: ☘️湖北频道, Name: 湖北垄上, Total: 2, Valid: 0, Valid Percent: 0.00%, Whitelist: 0, IPv4: 0, IPv6: 2, Min Delay: -1 ms, Max Speed: 0.00 M/s, Avg Speed: 0.00 M/s, Max Resolution: None
Category: ☘️湖北频道, Name: 武汉一台新闻综合, Total: 3, Valid: 0, Valid Percent: 0.00%, Whitelist: 0, IPv4: 0, IPv6: 3, Min Delay: -1 ms, Max Speed: 0.00 M/s, Avg Speed: 0.00 M/s, Max Resolution: None
Category: ☘️湖北频道, Name: 武汉二台电视剧, Total: 1, Valid: 0, Valid Percent: 0.00%, Whitelist: 0, IPv4: 0, IPv6: 1, Min Delay: -1 ms, Max Speed: 0.00 M/s, Avg Speed: 0.00 M/s, Max Resolution: None
Category: ☘️湖北频道, Name: 武汉四台经济, Total: 1, Valid: 0, Valid Percent: 0.00%, Whitelist: 0, IPv4: 0, IPv6: 1, Min Delay: -1 ms, Max Speed: 0.00 M/s, Avg Speed: 0.00 M/s, Max Resolution: None
Category: ☘️湖北频道, Name: 武汉教育, Total: 7, Valid: 0, Valid Percent: 0.00%, Whitelist: 0, IPv4: 0, IPv6: 7, Min Delay: -1 ms, Max Speed: 0.00 M/s, Avg Speed: 0.00 M/s, Max Resolution: None
Category: ☘️湖北频道, Name: 武汉文体, Total: 2, Valid: 2, Valid Percent: 100.00%, Whitelist: 0, IPv4: 2, IPv6: 0, Min Delay: 514 ms, Max Speed: 0.05 M/s, Avg Speed: 0.03 M/s, Max Resolution: 1920x1080
Category: ☘️湖北频道, Name: 江夏新闻综合, Total: 1, Valid: 1, Valid Percent: 100.00%, Whitelist: 0, IPv4: 1, IPv6: 0, Min Delay: 3535 ms, Max Speed: 0.31 M/s, Avg Speed: 0.31 M/s, Max Resolution: 720x576
Category: ☘️湖北频道, Name: 十堰新闻, Total: 4, Valid: 0, Valid Percent: 0.00%, Whitelist: 0, IPv4: 0, IPv6: 4, Min Delay: -1 ms, Max Speed: 0.00 M/s, Avg Speed: 0.00 M/s, Max Resolution: None
Category: ☘️湖北频道, Name: 荆门新闻综合, Total: 8, Valid: 0, Valid Percent: 0.00%, Whitelist: 0, IPv4: 0, IPv6: 8, Min Delay: -1 ms, Max Speed: 0.00 M/s, Avg Speed: 0.00 M/s, Max Resolution: None
Category: ☘️广西频道, Name: 北海新闻综合, Total: 1, Valid: 0, Valid Percent: 0.00%, Whitelist: 0, IPv4: 1, IPv6: 0, Min Delay: 282 ms, Max Speed: 0.00 M/s, Avg Speed: 0.00 M/s, Max Resolution: None
Category: ☘️广西频道, Name: 南宁公共, Total: 5, Valid: 0, Valid Percent: 0.00%, Whitelist: 0, IPv4: 0, IPv6: 5, Min Delay: -1 ms, Max Speed: 0.00 M/s, Avg Speed: 0.00 M/s, Max Resolution: None
Category: ☘️广西频道, Name: 南宁新闻综合, Total: 4, Valid: 0, Valid Percent: 0.00%, Whitelist: 0, IPv4: 1, IPv6: 3, Min Delay: -1 ms, Max Speed: 0.00 M/s, Avg Speed: 0.00 M/s, Max Resolution: 1920x1080
Category: ☘️广西频道, Name: 南宁都市生活, Total: 4, Valid: 0, Valid Percent: 0.00%, Whitelist: 0, IPv4: 0, IPv6: 4, Min Delay: -1 ms, Max Speed: 0.00 M/s, Avg Speed: 0.00 M/s, Max Resolution: None
Category: ☘️广西频道, Name: 宾阳综合, Total: 1, Valid: 0, Valid Percent: 0.00%, Whitelist: 0, IPv4: 0, IPv6: 1, Min Delay: -1 ms, Max Speed: 0.00 M/s, Avg Speed: 0.00 M/s, Max Resolution: None
Category: ☘️广西频道, Name: 来宾综合, Total: 1, Valid: 1, Valid Percent: 100.00%, Whitelist: 0, IPv4: 1, IPv6: 0, Min Delay: 10573 ms, Max Speed: 0.28 M/s, Avg Speed: 0.28 M/s, Max Resolution: 1920x1080
Category: ☘️广西频道, Name: 灌阳新闻综合, Total: 1, Valid: 0, Valid Percent: 0.00%, Whitelist: 0, IPv4: 0, IPv6: 1, Min Delay: -1 ms, Max Speed: 0.00 M/s, Avg Speed: 0.00 M/s, Max Resolution: None
Category: ☘️广西频道, Name: 田东综合, Total: 1, Valid: 0, Valid Percent: 0.00%, Whitelist: 0, IPv4: 0, IPv6: 1, Min Delay: -1 ms, Max Speed: 0.00 M/s, Avg Speed: 0.00 M/s, Max Resolution: None
Category: ☘️广西频道, Name: 广西新闻, Total: 4, Valid: 1, Valid Percent: 25.00%, Whitelist: 0, IPv4: 1, IPv6: 3, Min Delay: 10694 ms, Max Speed: 0.32 M/s, Avg Speed: 0.32 M/s, Max Resolution: 1920x1080
Category: ☘️广西频道, Name: 广西国际, Total: 4, Valid: 1, Valid Percent: 25.00%, Whitelist: 0, IPv4: 1, IPv6: 3, Min Delay: 10008 ms, Max Speed: 0.31 M/s, Avg Speed: 0.31 M/s, Max Resolution: 1920x1080
Category: ☘️广西频道, Name: 南宁影视娱乐, Total: 5, Valid: 0, Valid Percent: 0.00%, Whitelist: 0, IPv4: 0, IPv6: 5, Min Delay: -1 ms, Max Speed: 0.00 M/s, Avg Speed: 0.00 M/s, Max Resolution: None
Category: ☘️天津频道, Name: 津南一套, Total: 1, Valid: 1, Valid Percent: 100.00%, Whitelist: 0, IPv4: 1, IPv6: 0, Min Delay: 11 ms, Max Speed: 24.98 M/s, Avg Speed: 24.98 M/s, Max Resolution: 720x576
Category: ☘️天津频道, Name: 武清综合, Total: 1, Valid: 1, Valid Percent: 100.00%, Whitelist: 0, IPv4: 1, IPv6: 0, Min Delay: 28 ms, Max Speed: 30.74 M/s, Avg Speed: 30.74 M/s, Max Resolution: 720x576
Category: ☘️天津频道, Name: 天津卫视, Total: 17, Valid: 0, Valid Percent: 0.00%, Whitelist: 0, IPv4: 0, IPv6: 17, Min Delay: -1 ms, Max Speed: 0.00 M/s, Avg Speed: 0.00 M/s, Max Resolution: None
Category: ☘️四川频道, Name: 乐山新闻综合, Total: 2, Valid: 0, Valid Percent: 0.00%, Whitelist: 0, IPv4: 0, IPv6: 2, Min Delay: -1 ms, Max Speed: 0.00 M/s, Avg Speed: 0.00 M/s, Max Resolution: None
Category: ☘️四川频道, Name: 乐至综合, Total: 1, Valid: 1, Valid Percent: 100.00%, Whitelist: 0, IPv4: 1, IPv6: 0, Min Delay: 5145 ms, Max Speed: 0.44 M/s, Avg Speed: 0.44 M/s, Max Resolution: 1920x1080
Category: ☘️四川频道, Name: 井研综合, Total: 1, Valid: 1, Valid Percent: 100.00%, Whitelist: 0, IPv4: 1, IPv6: 0, Min Delay: 2917 ms, Max Speed: 0.63 M/s, Avg Speed: 0.63 M/s, Max Resolution: 1920x1080
Category: ☘️四川频道, Name: 仁寿综合, Total: 1, Valid: 1, Valid Percent: 100.00%, Whitelist: 0, IPv4: 1, IPv6: 0, Min Delay: 1817 ms, Max Speed: 0.04 M/s, Avg Speed: 0.04 M/s, Max Resolution: None
Category: ☘️四川频道, Name: 剑阁综合, Total: 1, Valid: 1, Valid Percent: 100.00%, Whitelist: 0, IPv4: 1, IPv6: 0, Min Delay: 10128 ms, Max Speed: 0.04 M/s, Avg Speed: 0.04 M/s, Max Resolution: 960x528
Category: ☘️四川频道, Name: 叙州新闻综合, Total: 5, Valid: 0, Valid Percent: 0.00%, Whitelist: 0, IPv4: 0, IPv6: 5, Min Delay: -1 ms, Max Speed: 0.00 M/s, Avg Speed: 0.00 M/s, Max Resolution: None
Category: ☘️四川频道, Name: 叙永综合, Total: 1, Valid: 1, Valid Percent: 100.00%, Whitelist: 0, IPv4: 1, IPv6: 0, Min Delay: 2423 ms, Max Speed: 0.68 M/s, Avg Speed: 0.68 M/s, Max Resolution: 1920x1080
Category: ☘️四川频道, Name: 四川科教, Total: 3, Valid: 0, Valid Percent: 0.00%, Whitelist: 0, IPv4: 0, IPv6: 3, Min Delay: -1 ms, Max Speed: 0.00 M/s, Avg Speed: 0.00 M/s, Max Resolution: None
Category: ☘️四川频道, Name: 广元公共, Total: 1, Valid: 1, Valid Percent: 100.00%, Whitelist: 0, IPv4: 1, IPv6: 0, Min Delay: 10947 ms, Max Speed: 0.05 M/s, Avg Speed: 0.05 M/s, Max Resolution: 1280x720
Category: ☘️四川频道, Name: 广元综合, Total: 2, Valid: 0, Valid Percent: 0.00%, Whitelist: 0, IPv4: 0, IPv6: 2, Min Delay: -1 ms, Max Speed: 0.00 M/s, Avg Speed: 0.00 M/s, Max Resolution: None
Category: ☘️四川频道, Name: 广安公共, Total: 3, Valid: 0, Valid Percent: 0.00%, Whitelist: 0, IPv4: 0, IPv6: 3, Min Delay: -1 ms, Max Speed: 0.00 M/s, Avg Speed: 0.00 M/s, Max Resolution: None
Category: ☘️四川频道, Name: 康巴卫视, Total: 1, Valid: 0, Valid Percent: 0.00%, Whitelist: 0, IPv4: 0, IPv6: 1, Min Delay: -1 ms, Max Speed: 0.00 M/s, Avg Speed: 0.00 M/s, Max Resolution: None
Category: ☘️四川频道, Name: 德阳新闻综合, Total: 3, Valid: 0, Valid Percent: 0.00%, Whitelist: 0, IPv4: 0, IPv6: 3, Min Delay: -1 ms, Max Speed: 0.00 M/s, Avg Speed: 0.00 M/s, Max Resolution: None
Category: ☘️四川频道, Name: 旺苍新闻综合, Total: 2, Valid: 0, Valid Percent: 0.00%, Whitelist: 0, IPv4: 0, IPv6: 2, Min Delay: -1 ms, Max Speed: 0.00 M/s, Avg Speed: 0.00 M/s, Max Resolution: None
Category: ☘️四川频道, Name: 朝天综合, Total: 1, Valid: 1, Valid Percent: 100.00%, Whitelist: 0, IPv4: 1, IPv6: 0, Min Delay: 10347 ms, Max Speed: 0.05 M/s, Avg Speed: 0.05 M/s, Max Resolution: 960x528
Category: ☘️四川频道, Name: 松潘新闻综合, Total: 3, Valid: 0, Valid Percent: 0.00%, Whitelist: 0, IPv4: 0, IPv6: 3, Min Delay: -1 ms, Max Speed: 0.00 M/s, Avg Speed: 0.00 M/s, Max Resolution: None
Category: ☘️四川频道, Name: 汉源综合, Total: 2, Valid: 0, Valid Percent: 0.00%, Whitelist: 0, IPv4: 0, IPv6: 2, Min Delay: -1 ms, Max Speed: 0.00 M/s, Avg Speed: 0.00 M/s, Max Resolution: None
Category: ☘️四川频道, Name: 汶川新闻综合, Total: 4, Valid: 0, Valid Percent: 0.00%, Whitelist: 0, IPv4: 0, IPv6: 4, Min Delay: -1 ms, Max Speed: 0.00 M/s, Avg Speed: 0.00 M/s, Max Resolution: None
Category: ☘️四川频道, Name: 沐川综合, Total: 2, Valid: 0, Valid Percent: 0.00%, Whitelist: 0, IPv4: 1, IPv6: 1, Min Delay: -1 ms, Max Speed: 0.00 M/s, Avg Speed: 0.00 M/s, Max Resolution: 1920x1080
Category: ☘️四川频道, Name: 泸县新闻综合, Total: 4, Valid: 0, Valid Percent: 0.00%, Whitelist: 0, IPv4: 0, IPv6: 4, Min Delay: -1 ms, Max Speed: 0.00 M/s, Avg Speed: 0.00 M/s, Max Resolution: None
Category: ☘️四川频道, Name: 甘孜综合, Total: 1, Valid: 0, Valid Percent: 0.00%, Whitelist: 0, IPv4: 0, IPv6: 1, Min Delay: -1 ms, Max Speed: 0.00 M/s, Avg Speed: 0.00 M/s, Max Resolution: None
Category: ☘️四川频道, Name: 石棉综合, Total: 2, Valid: 0, Valid Percent: 0.00%, Whitelist: 0, IPv4: 1, IPv6: 1, Min Delay: -1 ms, Max Speed: 0.00 M/s, Avg Speed: 0.00 M/s, Max Resolution: 1920x1080
Category: ☘️四川频道, Name: 绵阳科技, Total: 1, Valid: 0, Valid Percent: 0.00%, Whitelist: 0, IPv4: 0, IPv6: 1, Min Delay: -1 ms, Max Speed: 0.00 M/s, Avg Speed: 0.00 M/s, Max Resolution: None
Category: ☘️四川频道, Name: 荥经综合, Total: 3, Valid: 1, Valid Percent: 33.33%, Whitelist: 0, IPv4: 1, IPv6: 2, Min Delay: 2151 ms, Max Speed: 0.45 M/s, Avg Speed: 0.45 M/s, Max Resolution: 1920x1080
Category: ☘️四川频道, Name: 营山电视台, Total: 1, Valid: 0, Valid Percent: 0.00%, Whitelist: 0, IPv4: 0, IPv6: 1, Min Delay: -1 ms, Max Speed: 0.00 M/s, Avg Speed: 0.00 M/s, Max Resolution: None
Category: ☘️四川频道, Name: 蓬安新闻综合, Total: 2, Valid: 0, Valid Percent: 0.00%, Whitelist: 0, IPv4: 0, IPv6: 2, Min Delay: -1 ms, Max Speed: 0.00 M/s, Avg Speed: 0.00 M/s, Max Resolution: None
Category: ☘️四川频道, Name: 金川乡村, Total: 2, Valid: 2, Valid Percent: 100.00%, Whitelist: 0, IPv4: 2, IPv6: 0, Min Delay: 625 ms, Max Speed: 0.62 M/s, Avg Speed: 0.31 M/s, Max Resolution: 1024x576
Category: ☘️四川频道, Name: 金川新闻综合, Total: 5, Valid: 0, Valid Percent: 0.00%, Whitelist: 0, IPv4: 2, IPv6: 3, Min Delay: -1 ms, Max Speed: 0.00 M/s, Avg Speed: 0.00 M/s, Max Resolution: 1920x1080
Category: ☘️四川频道, Name: 长宁综合, Total: 3, Valid: 2, Valid Percent: 66.67%, Whitelist: 0, IPv4: 3, IPv6: 0, Min Delay: 1836 ms, Max Speed: 0.50 M/s, Avg Speed: 0.50 M/s, Max Resolution: 1920x1080
Category: ☘️四川频道, Name: 雅安新闻综合, Total: 1, Valid: 1, Valid Percent: 100.00%, Whitelist: 0, IPv4: 1, IPv6: 0, Min Delay: 2379 ms, Max Speed: 0.74 M/s, Avg Speed: 0.74 M/s, Max Resolution: 1920x1080
Category: ☘️四川频道, Name: 青川综合, Total: 1, Valid: 1, Valid Percent: 100.00%, Whitelist: 0, IPv4: 1, IPv6: 0, Min Delay: 2481 ms, Max Speed: 0.47 M/s, Avg Speed: 0.47 M/s, Max Resolution: 1920x1080
Category: ☘️陕西频道, Name: 陕西新闻资讯, Total: 5, Valid: 0, Valid Percent: 0.00%, Whitelist: 0, IPv4: 0, IPv6: 5, Min Delay: -1 ms, Max Speed: 0.00 M/s, Avg Speed: 0.00 M/s, Max Resolution: None
Category: ☘️陕西频道, Name: 陕西都市青春, Total: 5, Valid: 0, Valid Percent: 0.00%, Whitelist: 0, IPv4: 0, IPv6: 5, Min Delay: -1 ms, Max Speed: 0.00 M/s, Avg Speed: 0.00 M/s, Max Resolution: None
Category: ☘️陕西频道, Name: 陕西公共, Total: 1, Valid: 0, Valid Percent: 0.00%, Whitelist: 0, IPv4: 0, IPv6: 1, Min Delay: -1 ms, Max Speed: 0.00 M/s, Avg Speed: 0.00 M/s, Max Resolution: None
Category: ☘️陕西频道, Name: 陕西体育休闲, Total: 5, Valid: 0, Valid Percent: 0.00%, Whitelist: 0, IPv4: 0, IPv6: 5, Min Delay: -1 ms, Max Speed: 0.00 M/s, Avg Speed: 0.00 M/s, Max Resolution: None
Category: ☘️福建频道, Name: 三明新闻综合, Total: 2, Valid: 0, Valid Percent: 0.00%, Whitelist: 0, IPv4: 0, IPv6: 2, Min Delay: -1 ms, Max Speed: 0.00 M/s, Avg Speed: 0.00 M/s, Max Resolution: None
Category: ☘️福建频道, Name: 云霄综合, Total: 4, Valid: 0, Valid Percent: 0.00%, Whitelist: 0, IPv4: 0, IPv6: 4, Min Delay: -1 ms, Max Speed: 0.00 M/s, Avg Speed: 0.00 M/s, Max Resolution: None
Category: ☘️福建频道, Name: 厦门卫视, Total: 1, Valid: 0, Valid Percent: 0.00%, Whitelist: 0, IPv4: 0, IPv6: 1, Min Delay: -1 ms, Max Speed: 0.00 M/s, Avg Speed: 0.00 M/s, Max Resolution: None
Category: ☘️福建频道, Name: 漳州新闻综合, Total: 3, Valid: 0, Valid Percent: 0.00%, Whitelist: 0, IPv4: 0, IPv6: 3, Min Delay: -1 ms, Max Speed: 0.00 M/s, Avg Speed: 0.00 M/s, Max Resolution: None
Category: ☘️福建频道, Name: 福州少儿, Total: 1, Valid: 0, Valid Percent: 0.00%, Whitelist: 0, IPv4: 0, IPv6: 1, Min Delay: -1 ms, Max Speed: 0.00 M/s, Avg Speed: 0.00 M/s, Max Resolution: None
Category: ☘️福建频道, Name: 福建新闻, Total: 7, Valid: 1, Valid Percent: 14.29%, Whitelist: 0, IPv4: 1, IPv6: 6, Min Delay: 8 ms, Max Speed: 13.51 M/s, Avg Speed: 13.51 M/s, Max Resolution: None
Category: ☘️福建频道, Name: 福建电视剧, Total: 6, Valid: 0, Valid Percent: 0.00%, Whitelist: 0, IPv4: 0, IPv6: 6, Min Delay: -1 ms, Max Speed: 0.00 M/s, Avg Speed: 0.00 M/s, Max Resolution: None
Category: ☘️福建频道, Name: 福建经济, Total: 6, Valid: 1, Valid Percent: 16.67%, Whitelist: 0, IPv4: 1, IPv6: 5, Min Delay: 8 ms, Max Speed: 12.93 M/s, Avg Speed: 12.93 M/s, Max Resolution: None
Category: ☘️福建频道, Name: 福建综合, Total: 6, Valid: 0, Valid Percent: 0.00%, Whitelist: 0, IPv4: 0, IPv6: 6, Min Delay: -1 ms, Max Speed: 0.00 M/s, Avg Speed: 0.00 M/s, Max Resolution: None
Category: ☘️福建频道, Name: 福建公共, Total: 2, Valid: 1, Valid Percent: 50.00%, Whitelist: 0, IPv4: 1, IPv6: 1, Min Delay: 571 ms, Max Speed: 0.13 M/s, Avg Speed: 0.13 M/s, Max Resolution: 1920x1080
Category: ☘️福建频道, Name: 福建旅游, Total: 2, Valid: 1, Valid Percent: 50.00%, Whitelist: 0, IPv4: 1, IPv6: 1, Min Delay: 565 ms, Max Speed: 0.00 M/s, Avg Speed: 0.00 M/s, Max Resolution: 1920x1080
Category: ☘️福建频道, Name: 福建经视, Total: 5, Valid: 0, Valid Percent: 0.00%, Whitelist: 0, IPv4: 0, IPv6: 5, Min Delay: -1 ms, Max Speed: 0.00 M/s, Avg Speed: 0.00 M/s, Max Resolution: None
Category: ☘️福建频道, Name: 福建少儿, Total: 6, Valid: 0, Valid Percent: 0.00%, Whitelist: 0, IPv4: 0, IPv6: 6, Min Delay: -1 ms, Max Speed: 0.00 M/s, Avg Speed: 0.00 M/s, Max Resolution: None
Category: ☘️海南频道, Name: 海南新闻, Total: 23, Valid: 0, Valid Percent: 0.00%, Whitelist: 0, IPv4: 0, IPv6: 23, Min Delay: -1 ms, Max Speed: 0.00 M/s, Avg Speed: 0.00 M/s, Max Resolution: None
Category: ☘️海南频道, Name: 海南自贸, Total: 21, Valid: 0, Valid Percent: 0.00%, Whitelist: 0, IPv4: 0, IPv6: 21, Min Delay: -1 ms, Max Speed: 0.00 M/s, Avg Speed: 0.00 M/s, Max Resolution: None
Category: ☘️海南频道, Name: 海南文旅, Total: 23, Valid: 0, Valid Percent: 0.00%, Whitelist: 0, IPv4: 0, IPv6: 23, Min Delay: -1 ms, Max Speed: 0.00 M/s, Avg Speed: 0.00 M/s, Max Resolution: None
Category: ☘️海南频道, Name: 海南少儿, Total: 21, Valid: 0, Valid Percent: 0.00%, Whitelist: 0, IPv4: 0, IPv6: 21, Min Delay: -1 ms, Max Speed: 0.00 M/s, Avg Speed: 0.00 M/s, Max Resolution: None
Category: ☘️海南频道, Name: 海南公共, Total: 23, Valid: 0, Valid Percent: 0.00%, Whitelist: 0, IPv4: 0, IPv6: 23, Min Delay: -1 ms, Max Speed: 0.00 M/s, Avg Speed: 0.00 M/s, Max Resolution: None
Category: ☘️河南频道, Name: 梨园, Total: 1, Valid: 1, Valid Percent: 100.00%, Whitelist: 0, IPv4: 1, IPv6: 0, Min Delay: 2211 ms, Max Speed: 0.81 M/s, Avg Speed: 0.81 M/s, Max Resolution: 1920x1080
Category: ☘️河南频道, Name: 临颍综合, Total: 1, Valid: 0, Valid Percent: 0.00%, Whitelist: 0, IPv4: 0, IPv6: 1, Min Delay: -1 ms, Max Speed: 0.00 M/s, Avg Speed: 0.00 M/s, Max Resolution: None
Category: ☘️河南频道, Name: 义马新闻综合, Total: 2, Valid: 0, Valid Percent: 0.00%, Whitelist: 0, IPv4: 0, IPv6: 2, Min Delay: -1 ms, Max Speed: 0.00 M/s, Avg Speed: 0.00 M/s, Max Resolution: None
Category: ☘️河南频道, Name: 光山综合, Total: 2, Valid: 0, Valid Percent: 0.00%, Whitelist: 0, IPv4: 0, IPv6: 2, Min Delay: -1 ms, Max Speed: 0.00 M/s, Avg Speed: 0.00 M/s, Max Resolution: None
Category: ☘️河南频道, Name: 兰考新闻, Total: 3, Valid: 0, Valid Percent: 0.00%, Whitelist: 0, IPv4: 0, IPv6: 3, Min Delay: -1 ms, Max Speed: 0.00 M/s, Avg Speed: 0.00 M/s, Max Resolution: None
Category: ☘️河南频道, Name: 卫辉综合, Total: 4, Valid: 0, Valid Percent: 0.00%, Whitelist: 0, IPv4: 0, IPv6: 4, Min Delay: -1 ms, Max Speed: 0.00 M/s, Avg Speed: 0.00 M/s, Max Resolution: None
Category: ☘️河南频道, Name: 叶县, Total: 2, Valid: 0, Valid Percent: 0.00%, Whitelist: 0, IPv4: 0, IPv6: 2, Min Delay: -1 ms, Max Speed: 0.00 M/s, Avg Speed: 0.00 M/s, Max Resolution: None
Category: ☘️河南频道, Name: 周口扶沟, Total: 1, Valid: 1, Valid Percent: 100.00%, Whitelist: 0, IPv4: 1, IPv6: 0, Min Delay: 10149 ms, Max Speed: 0.01 M/s, Avg Speed: 0.01 M/s, Max Resolution: 1920x1080
Category: ☘️河南频道, Name: 唐河一套, Total: 3, Valid: 0, Valid Percent: 0.00%, Whitelist: 0, IPv4: 0, IPv6: 3, Min Delay: -1 ms, Max Speed: 0.00 M/s, Avg Speed: 0.00 M/s, Max Resolution: None
Category: ☘️河南频道, Name: 固始综合, Total: 2, Valid: 0, Valid Percent: 0.00%, Whitelist: 0, IPv4: 0, IPv6: 2, Min Delay: -1 ms, Max Speed: 0.00 M/s, Avg Speed: 0.00 M/s, Max Resolution: None
Category: ☘️河南频道, Name: 宝丰综合, Total: 3, Valid: 0, Valid Percent: 0.00%, Whitelist: 0, IPv4: 0, IPv6: 3, Min Delay: -1 ms, Max Speed: 0.00 M/s, Avg Speed: 0.00 M/s, Max Resolution: None
Category: ☘️河南频道, Name: 巩义新闻综合, Total: 3, Valid: 0, Valid Percent: 0.00%, Whitelist: 0, IPv4: 0, IPv6: 3, Min Delay: -1 ms, Max Speed: 0.00 M/s, Avg Speed: 0.00 M/s, Max Resolution: None
Category: ☘️河南频道, Name: 扶沟综合, Total: 3, Valid: 0, Valid Percent: 0.00%, Whitelist: 0, IPv4: 0, IPv6: 3, Min Delay: -1 ms, Max Speed: 0.00 M/s, Avg Speed: 0.00 M/s, Max Resolution: None
Category: ☘️河南频道, Name: 新乡县电视台, Total: 1, Valid: 0, Valid Percent: 0.00%, Whitelist: 0, IPv4: 0, IPv6: 1, Min Delay: -1 ms, Max Speed: 0.00 M/s, Avg Speed: 0.00 M/s, Max Resolution: None
Category: ☘️河南频道, Name: 新县综合, Total: 2, Valid: 0, Valid Percent: 0.00%, Whitelist: 0, IPv4: 0, IPv6: 2, Min Delay: -1 ms, Max Speed: 0.00 M/s, Avg Speed: 0.00 M/s, Max Resolution: None
Category: ☘️河南频道, Name: 新蔡综合, Total: 3, Valid: 0, Valid Percent: 0.00%, Whitelist: 0, IPv4: 0, IPv6: 3, Min Delay: -1 ms, Max Speed: 0.00 M/s, Avg Speed: 0.00 M/s, Max Resolution: None
Category: ☘️河南频道, Name: 桐柏新闻综合, Total: 1, Valid: 0, Valid Percent: 0.00%, Whitelist: 0, IPv4: 0, IPv6: 1, Min Delay: -1 ms, Max Speed: 0.00 M/s, Avg Speed: 0.00 M/s, Max Resolution: None
Category: ☘️河南频道, Name: 泌阳新闻综合, Total: 3, Valid: 0, Valid Percent: 0.00%, Whitelist: 0, IPv4: 0, IPv6: 3, Min Delay: -1 ms, Max Speed: 0.00 M/s, Avg Speed: 0.00 M/s, Max Resolution: None
Category: ☘️河南频道, Name: 淅川电视, Total: 1, Valid: 0, Valid Percent: 0.00%, Whitelist: 0, IPv4: 0, IPv6: 1, Min Delay: -1 ms, Max Speed: 0.00 M/s, Avg Speed: 0.00 M/s, Max Resolution: None
Category: ☘️河南频道, Name: 渑池新闻综合, Total: 2, Valid: 0, Valid Percent: 0.00%, Whitelist: 0, IPv4: 0, IPv6: 2, Min Delay: -1 ms, Max Speed: 0.00 M/s, Avg Speed: 0.00 M/s, Max Resolution: None
Category: ☘️河南频道, Name: 温县综合, Total: 3, Valid: 0, Valid Percent: 0.00%, Whitelist: 0, IPv4: 0, IPv6: 3, Min Delay: -1 ms, Max Speed: 0.00 M/s, Avg Speed: 0.00 M/s, Max Resolution: None
Category: ☘️河南频道, Name: 潢川综合, Total: 2, Valid: 0, Valid Percent: 0.00%, Whitelist: 0, IPv4: 0, IPv6: 2, Min Delay: -1 ms, Max Speed: 0.00 M/s, Avg Speed: 0.00 M/s, Max Resolution: None
Category: ☘️河南频道, Name: 焦作综合, Total: 1, Valid: 0, Valid Percent: 0.00%, Whitelist: 0, IPv4: 0, IPv6: 1, Min Delay: -1 ms, Max Speed: 0.00 M/s, Avg Speed: 0.00 M/s, Max Resolution: None
Category: ☘️河南频道, Name: 登封综合, Total: 3, Valid: 0, Valid Percent: 0.00%, Whitelist: 0, IPv4: 0, IPv6: 3, Min Delay: -1 ms, Max Speed: 0.00 M/s, Avg Speed: 0.00 M/s, Max Resolution: None
Category: ☘️河南频道, Name: 禹州综合, Total: 1, Valid: 0, Valid Percent: 0.00%, Whitelist: 0, IPv4: 0, IPv6: 1, Min Delay: -1 ms, Max Speed: 0.00 M/s, Avg Speed: 0.00 M/s, Max Resolution: None
Category: ☘️河南频道, Name: 西华综合, Total: 3, Valid: 0, Valid Percent: 0.00%, Whitelist: 0, IPv4: 0, IPv6: 3, Min Delay: -1 ms, Max Speed: 0.00 M/s, Avg Speed: 0.00 M/s, Max Resolution: None
Category: ☘️河南频道, Name: 郏县综合, Total: 3, Valid: 0, Valid Percent: 0.00%, Whitelist: 0, IPv4: 0, IPv6: 3, Min Delay: -1 ms, Max Speed: 0.00 M/s, Avg Speed: 0.00 M/s, Max Resolution: None
Category: ☘️河南频道, Name: 郸城新闻综合, Total: 5, Valid: 0, Valid Percent: 0.00%, Whitelist: 0, IPv4: 0, IPv6: 5, Min Delay: -1 ms, Max Speed: 0.00 M/s, Avg Speed: 0.00 M/s, Max Resolution: None
Category: ☘️河南频道, Name: 鄢陵综合, Total: 2, Valid: 0, Valid Percent: 0.00%, Whitelist: 0, IPv4: 0, IPv6: 2, Min Delay: -1 ms, Max Speed: 0.00 M/s, Avg Speed: 0.00 M/s, Max Resolution: None
Category: ☘️河南频道, Name: 项城新闻, Total: 2, Valid: 0, Valid Percent: 0.00%, Whitelist: 0, IPv4: 0, IPv6: 2, Min Delay: -1 ms, Max Speed: 0.00 M/s, Avg Speed: 0.00 M/s, Max Resolution: None
Category: ☘️河南频道, Name: 鹤壁综合, Total: 1, Valid: 0, Valid Percent: 0.00%, Whitelist: 0, IPv4: 0, IPv6: 1, Min Delay: -1 ms, Max Speed: 0.00 M/s, Avg Speed: 0.00 M/s, Max Resolution: None
Category: ☘️河南频道, Name: 邓州新闻, Total: 1, Valid: 0, Valid Percent: 0.00%, Whitelist: 0, IPv4: 0, IPv6: 1, Min Delay: -1 ms, Max Speed: 0.00 M/s, Avg Speed: 0.00 M/s, Max Resolution: None
Category: ☘️河南频道, Name: 许昌公共, Total: 1, Valid: 0, Valid Percent: 0.00%, Whitelist: 0, IPv4: 0, IPv6: 1, Min Delay: -1 ms, Max Speed: 0.00 M/s, Avg Speed: 0.00 M/s, Max Resolution: None
Category: ☘️河南频道, Name: 荥阳综合, Total: 3, Valid: 0, Valid Percent: 0.00%, Whitelist: 0, IPv4: 0, IPv6: 3, Min Delay: -1 ms, Max Speed: 0.00 M/s, Avg Speed: 0.00 M/s, Max Resolution: None
Category: ☘️河南频道, Name: 焦作教育, Total: 1, Valid: 0, Valid Percent: 0.00%, Whitelist: 0, IPv4: 0, IPv6: 1, Min Delay: -1 ms, Max Speed: 0.00 M/s, Avg Speed: 0.00 M/s, Max Resolution: None
Category: ☘️河南频道, Name: 焦作公共, Total: 1, Valid: 0, Valid Percent: 0.00%, Whitelist: 0, IPv4: 0, IPv6: 1, Min Delay: -1 ms, Max Speed: 0.00 M/s, Avg Speed: 0.00 M/s, Max Resolution: None
Category: ☘️河南频道, Name: 灵宝新闻综合, Total: 1, Valid: 0, Valid Percent: 0.00%, Whitelist: 0, IPv4: 0, IPv6: 1, Min Delay: -1 ms, Max Speed: 0.00 M/s, Avg Speed: 0.00 M/s, Max Resolution: None
Category: ☘️河南频道, Name: 濮阳公共, Total: 1, Valid: 0, Valid Percent: 0.00%, Whitelist: 0, IPv4: 0, IPv6: 1, Min Delay: -1 ms, Max Speed: 0.00 M/s, Avg Speed: 0.00 M/s, Max Resolution: None
Category: ☘️河南频道, Name: 滑县新闻, Total: 1, Valid: 0, Valid Percent: 0.00%, Whitelist: 0, IPv4: 0, IPv6: 1, Min Delay: -1 ms, Max Speed: 0.00 M/s, Avg Speed: 0.00 M/s, Max Resolution: None
Category: ☘️河南频道, Name: 济源电视一套, Total: 2, Valid: 0, Valid Percent: 0.00%, Whitelist: 0, IPv4: 0, IPv6: 2, Min Delay: -1 ms, Max Speed: 0.00 M/s, Avg Speed: 0.00 M/s, Max Resolution: None
Category: ☘️河南频道, Name: 洛阳综合, Total: 2, Valid: 0, Valid Percent: 0.00%, Whitelist: 0, IPv4: 0, IPv6: 2, Min Delay: -1 ms, Max Speed: 0.00 M/s, Avg Speed: 0.00 M/s, Max Resolution: None
Category: ☘️河南频道, Name: 洛阳科教, Total: 2, Valid: 0, Valid Percent: 0.00%, Whitelist: 0, IPv4: 0, IPv6: 2, Min Delay: -1 ms, Max Speed: 0.00 M/s, Avg Speed: 0.00 M/s, Max Resolution: None
Category: ☘️河南频道, Name: 洛阳文旅, Total: 1, Valid: 0, Valid Percent: 0.00%, Whitelist: 0, IPv4: 0, IPv6: 1, Min Delay: -1 ms, Max Speed: 0.00 M/s, Avg Speed: 0.00 M/s, Max Resolution: None
Category: ☘️河南频道, Name: 河南都市, Total: 22, Valid: 1, Valid Percent: 4.55%, Whitelist: 0, IPv4: 1, IPv6: 21, Min Delay: 7 ms, Max Speed: 12.61 M/s, Avg Speed: 12.61 M/s, Max Resolution: 1920x1080
Category: ☘️河南频道, Name: 河南民生, Total: 21, Valid: 0, Valid Percent: 0.00%, Whitelist: 0, IPv4: 0, IPv6: 21, Min Delay: -1 ms, Max Speed: 0.00 M/s, Avg Speed: 0.00 M/s, Max Resolution: None
Category: ☘️河南频道, Name: 沁阳新闻综合, Total: 2, Valid: 0, Valid Percent: 0.00%, Whitelist: 0, IPv4: 0, IPv6: 2, Min Delay: -1 ms, Max Speed: 0.00 M/s, Avg Speed: 0.00 M/s, Max Resolution: None
Category: ☘️河南频道, Name: 永城综合, Total: 1, Valid: 0, Valid Percent: 0.00%, Whitelist: 0, IPv4: 0, IPv6: 1, Min Delay: -1 ms, Max Speed: 0.00 M/s, Avg Speed: 0.00 M/s, Max Resolution: None
Category: ☘️河南频道, Name: 方城一套, Total: 2, Valid: 0, Valid Percent: 0.00%, Whitelist: 0, IPv4: 0, IPv6: 2, Min Delay: -1 ms, Max Speed: 0.00 M/s, Avg Speed: 0.00 M/s, Max Resolution: None
Category: ☘️河南频道, Name: 新野综合, Total: 3, Valid: 0, Valid Percent: 0.00%, Whitelist: 0, IPv4: 0, IPv6: 3, Min Delay: -1 ms, Max Speed: 0.00 M/s, Avg Speed: 0.00 M/s, Max Resolution: None
Category: ☘️河南频道, Name: 新安新闻综合, Total: 3, Valid: 0, Valid Percent: 0.00%, Whitelist: 0, IPv4: 0, IPv6: 3, Min Delay: -1 ms, Max Speed: 0.00 M/s, Avg Speed: 0.00 M/s, Max Resolution: None
Category: ☘️河南频道, Name: 开封新闻综合, Total: 2, Valid: 0, Valid Percent: 0.00%, Whitelist: 0, IPv4: 0, IPv6: 2, Min Delay: -1 ms, Max Speed: 0.00 M/s, Avg Speed: 0.00 M/s, Max Resolution: None
Category: ☘️河南频道, Name: 开封文化旅游, Total: 3, Valid: 0, Valid Percent: 0.00%, Whitelist: 0, IPv4: 0, IPv6: 3, Min Delay: -1 ms, Max Speed: 0.00 M/s, Avg Speed: 0.00 M/s, Max Resolution: None
Category: ☘️河南频道, Name: 嵩县综合新闻, Total: 1, Valid: 0, Valid Percent: 0.00%, Whitelist: 0, IPv4: 0, IPv6: 1, Min Delay: -1 ms, Max Speed: 0.00 M/s, Avg Speed: 0.00 M/s, Max Resolution: None
Category: ☘️河南频道, Name: 宜阳综合, Total: 4, Valid: 0, Valid Percent: 0.00%, Whitelist: 0, IPv4: 0, IPv6: 4, Min Delay: -1 ms, Max Speed: 0.00 M/s, Avg Speed: 0.00 M/s, Max Resolution: None
Category: ☘️河南频道, Name: 周口新闻综合, Total: 2, Valid: 0, Valid Percent: 0.00%, Whitelist: 0, IPv4: 0, IPv6: 2, Min Delay: -1 ms, Max Speed: 0.00 M/s, Avg Speed: 0.00 M/s, Max Resolution: None
Category: ☘️河南频道, Name: 内黄综合, Total: 3, Valid: 0, Valid Percent: 0.00%, Whitelist: 0, IPv4: 0, IPv6: 3, Min Delay: -1 ms, Max Speed: 0.00 M/s, Avg Speed: 0.00 M/s, Max Resolution: None
Category: ☘️河南频道, Name: 内乡综合, Total: 1, Valid: 0, Valid Percent: 0.00%, Whitelist: 0, IPv4: 0, IPv6: 1, Min Delay: -1 ms, Max Speed: 0.00 M/s, Avg Speed: 0.00 M/s, Max Resolution: None
Category: ☘️河南频道, Name: 偃师新闻, Total: 2, Valid: 0, Valid Percent: 0.00%, Whitelist: 0, IPv4: 0, IPv6: 2, Min Delay: -1 ms, Max Speed: 0.00 M/s, Avg Speed: 0.00 M/s, Max Resolution: None
Category: ☘️河北频道, Name: 鹿泉一套, Total: 1, Valid: 0, Valid Percent: 0.00%, Whitelist: 0, IPv4: 0, IPv6: 1, Min Delay: -1 ms, Max Speed: 0.00 M/s, Avg Speed: 0.00 M/s, Max Resolution: None
Category: ☘️河北频道, Name: 邯郸科技教育, Total: 1, Valid: 0, Valid Percent: 0.00%, Whitelist: 0, IPv4: 0, IPv6: 1, Min Delay: -1 ms, Max Speed: 0.00 M/s, Avg Speed: 0.00 M/s, Max Resolution: None
Category: ☘️河北频道, Name: 邯郸公共, Total: 1, Valid: 0, Valid Percent: 0.00%, Whitelist: 0, IPv4: 0, IPv6: 1, Min Delay: -1 ms, Max Speed: 0.00 M/s, Avg Speed: 0.00 M/s, Max Resolution: None
Category: ☘️河北频道, Name: 邯郸新闻, Total: 1, Valid: 0, Valid Percent: 0.00%, Whitelist: 0, IPv4: 0, IPv6: 1, Min Delay: -1 ms, Max Speed: 0.00 M/s, Avg Speed: 0.00 M/s, Max Resolution: None
Category: ☘️河北频道, Name: 邯郸科教, Total: 1, Valid: 0, Valid Percent: 0.00%, Whitelist: 0, IPv4: 0, IPv6: 1, Min Delay: -1 ms, Max Speed: 0.00 M/s, Avg Speed: 0.00 M/s, Max Resolution: None
Category: ☘️河北频道, Name: 邢台综合, Total: 9, Valid: 0, Valid Percent: 0.00%, Whitelist: 0, IPv4: 0, IPv6: 9, Min Delay: -1 ms, Max Speed: 0.00 M/s, Avg Speed: 0.00 M/s, Max Resolution: None
Category: ☘️河北频道, Name: 衡水公共, Total: 1, Valid: 0, Valid Percent: 0.00%, Whitelist: 0, IPv4: 0, IPv6: 1, Min Delay: -1 ms, Max Speed: 0.00 M/s, Avg Speed: 0.00 M/s, Max Resolution: None
Category: ☘️河北频道, Name: 石家庄都市, Total: 4, Valid: 0, Valid Percent: 0.00%, Whitelist: 0, IPv4: 0, IPv6: 4, Min Delay: -1 ms, Max Speed: 0.00 M/s, Avg Speed: 0.00 M/s, Max Resolution: None
Category: ☘️河北频道, Name: 石家庄生活, Total: 4, Valid: 0, Valid Percent: 0.00%, Whitelist: 0, IPv4: 0, IPv6: 4, Min Delay: -1 ms, Max Speed: 0.00 M/s, Avg Speed: 0.00 M/s, Max Resolution: None
Category: ☘️河北频道, Name: 石家庄新闻综合, Total: 5, Valid: 0, Valid Percent: 0.00%, Whitelist: 0, IPv4: 0, IPv6: 5, Min Delay: -1 ms, Max Speed: 0.00 M/s, Avg Speed: 0.00 M/s, Max Resolution: None
Category: ☘️河北频道, Name: 石家庄娱乐, Total: 5, Valid: 0, Valid Percent: 0.00%, Whitelist: 0, IPv4: 0, IPv6: 5, Min Delay: -1 ms, Max Speed: 0.00 M/s, Avg Speed: 0.00 M/s, Max Resolution: None
Category: ☘️河北频道, Name: 滦平新闻, Total: 1, Valid: 0, Valid Percent: 0.00%, Whitelist: 0, IPv4: 0, IPv6: 1, Min Delay: -1 ms, Max Speed: 0.00 M/s, Avg Speed: 0.00 M/s, Max Resolution: None
Category: ☘️河北频道, Name: 河北都市, Total: 2, Valid: 1, Valid Percent: 50.00%, Whitelist: 0, IPv4: 1, IPv6: 1, Min Delay: 2128 ms, Max Speed: 0.06 M/s, Avg Speed: 0.06 M/s, Max Resolution: None
Category: ☘️河北频道, Name: 河北农民, Total: 3, Valid: 0, Valid Percent: 0.00%, Whitelist: 0, IPv4: 0, IPv6: 3, Min Delay: -1 ms, Max Speed: 0.00 M/s, Avg Speed: 0.00 M/s, Max Resolution: None
Category: ☘️河北频道, Name: 昌黎综合, Total: 2, Valid: 0, Valid Percent: 0.00%, Whitelist: 0, IPv4: 0, IPv6: 2, Min Delay: -1 ms, Max Speed: 0.00 M/s, Avg Speed: 0.00 M/s, Max Resolution: None
Category: ☘️河北频道, Name: 任丘文娱, Total: 2, Valid: 0, Valid Percent: 0.00%, Whitelist: 0, IPv4: 0, IPv6: 2, Min Delay: -1 ms, Max Speed: 0.00 M/s, Avg Speed: 0.00 M/s, Max Resolution: None
Category: ☘️河北频道, Name: 任丘综合, Total: 2, Valid: 0, Valid Percent: 0.00%, Whitelist: 0, IPv4: 0, IPv6: 2, Min Delay: -1 ms, Max Speed: 0.00 M/s, Avg Speed: 0.00 M/s, Max Resolution: None
Category: ☘️河北频道, Name: 兴隆综合, Total: 2, Valid: 0, Valid Percent: 0.00%, Whitelist: 0, IPv4: 0, IPv6: 2, Min Delay: -1 ms, Max Speed: 0.00 M/s, Avg Speed: 0.00 M/s, Max Resolution: None
Category: ☘️河北频道, Name: 平泉影视, Total: 1, Valid: 0, Valid Percent: 0.00%, Whitelist: 0, IPv4: 0, IPv6: 1, Min Delay: -1 ms, Max Speed: 0.00 M/s, Avg Speed: 0.00 M/s, Max Resolution: None
Category: ☘️河北频道, Name: 平泉综合, Total: 1, Valid: 0, Valid Percent: 0.00%, Whitelist: 0, IPv4: 0, IPv6: 1, Min Delay: -1 ms, Max Speed: 0.00 M/s, Avg Speed: 0.00 M/s, Max Resolution: None
Category: ☘️河北频道, Name: 清河新闻综合, Total: 2, Valid: 0, Valid Percent: 0.00%, Whitelist: 0, IPv4: 0, IPv6: 2, Min Delay: -1 ms, Max Speed: 0.00 M/s, Avg Speed: 0.00 M/s, Max Resolution: None
Category: ☘️河北频道, Name: 清河经济综艺, Total: 2, Valid: 0, Valid Percent: 0.00%, Whitelist: 0, IPv4: 0, IPv6: 2, Min Delay: -1 ms, Max Speed: 0.00 M/s, Avg Speed: 0.00 M/s, Max Resolution: None
Category: ☘️贵州频道, Name: 安顺新闻, Total: 2, Valid: 0, Valid Percent: 0.00%, Whitelist: 0, IPv4: 0, IPv6: 2, Min Delay: -1 ms, Max Speed: 0.00 M/s, Avg Speed: 0.00 M/s, Max Resolution: None
Category: ☘️贵州频道, Name: 贵州移动电视, Total: 1, Valid: 1, Valid Percent: 100.00%, Whitelist: 0, IPv4: 1, IPv6: 0, Min Delay: 643 ms, Max Speed: 0.06 M/s, Avg Speed: 0.06 M/s, Max Resolution: 1920x1080
Category: ☘️甘肃频道, Name: 甘肃经济, Total: 2, Valid: 1, Valid Percent: 50.00%, Whitelist: 0, IPv4: 1, IPv6: 1, Min Delay: 15 ms, Max Speed: 7.30 M/s, Avg Speed: 7.30 M/s, Max Resolution: None
Category: ☘️甘肃频道, Name: 甘肃都市, Total: 2, Valid: 1, Valid Percent: 50.00%, Whitelist: 0, IPv4: 1, IPv6: 1, Min Delay: 13 ms, Max Speed: 8.75 M/s, Avg Speed: 8.75 M/s, Max Resolution: None
Category: ☘️甘肃频道, Name: 临夏州综合, Total: 1, Valid: 1, Valid Percent: 100.00%, Whitelist: 0, IPv4: 1, IPv6: 0, Min Delay: 845 ms, Max Speed: 0.14 M/s, Avg Speed: 0.14 M/s, Max Resolution: 720x576
Category: ☘️甘肃频道, Name: 嘉峪关综合, Total: 1, Valid: 1, Valid Percent: 100.00%, Whitelist: 0, IPv4: 1, IPv6: 0, Min Delay: 1699 ms, Max Speed: 1.09 M/s, Avg Speed: 1.09 M/s, Max Resolution: 1920x1080
Category: ☘️甘肃频道, Name: 永昌综合, Total: 1, Valid: 1, Valid Percent: 100.00%, Whitelist: 0, IPv4: 1, IPv6: 0, Min Delay: 1546 ms, Max Speed: 1.23 M/s, Avg Speed: 1.23 M/s, Max Resolution: 1920x1080
Category: ☘️甘肃频道, Name: 甘南综合, Total: 1, Valid: 1, Valid Percent: 100.00%, Whitelist: 0, IPv4: 1, IPv6: 0, Min Delay: 1654 ms, Max Speed: 0.15 M/s, Avg Speed: 0.15 M/s, Max Resolution: 1920x1080
Category: ☘️甘肃频道, Name: 甘肃少儿, Total: 1, Valid: 0, Valid Percent: 0.00%, Whitelist: 0, IPv4: 0, IPv6: 1, Min Delay: -1 ms, Max Speed: 0.00 M/s, Avg Speed: 0.00 M/s, Max Resolution: None
Category: ☘️甘肃频道, Name: 白银综合, Total: 2, Valid: 2, Valid Percent: 100.00%, Whitelist: 0, IPv4: 2, IPv6: 0, Min Delay: 1670 ms, Max Speed: 1.17 M/s, Avg Speed: 1.07 M/s, Max Resolution: 1920x1080
Category: ☘️甘肃频道, Name: 秦安综合, Total: 1, Valid: 1, Valid Percent: 100.00%, Whitelist: 0, IPv4: 1, IPv6: 0, Min Delay: 2161 ms, Max Speed: 0.85 M/s, Avg Speed: 0.85 M/s, Max Resolution: 1920x1080
Category: ☘️甘肃频道, Name: 西峰综合, Total: 1, Valid: 1, Valid Percent: 100.00%, Whitelist: 0, IPv4: 1, IPv6: 0, Min Delay: 1698 ms, Max Speed: 0.35 M/s, Avg Speed: 0.35 M/s, Max Resolution: 1280x720
Category: ☘️甘肃频道, Name: 酒泉综合, Total: 1, Valid: 0, Valid Percent: 0.00%, Whitelist: 0, IPv4: 0, IPv6: 1, Min Delay: -1 ms, Max Speed: 0.00 M/s, Avg Speed: 0.00 M/s, Max Resolution: None
Category: ☘️甘肃频道, Name: 金昌综合, Total: 1, Valid: 0, Valid Percent: 0.00%, Whitelist: 0, IPv4: 1, IPv6: 0, Min Delay: 269 ms, Max Speed: 0.00 M/s, Avg Speed: 0.00 M/s, Max Resolution: None
Category: ☘️新疆频道, Name: 哈密一套, Total: 1, Valid: 1, Valid Percent: 100.00%, Whitelist: 0, IPv4: 1, IPv6: 0, Min Delay: 566 ms, Max Speed: 0.14 M/s, Avg Speed: 0.14 M/s, Max Resolution: 1920x1080
Category: ☘️新疆频道, Name: 哈密二套, Total: 1, Valid: 1, Valid Percent: 100.00%, Whitelist: 0, IPv4: 1, IPv6: 0, Min Delay: 16 ms, Max Speed: 43.57 M/s, Avg Speed: 43.57 M/s, Max Resolution: 1920x1080
Category: ☘️新疆频道, Name: 哈密三套, Total: 1, Valid: 1, Valid Percent: 100.00%, Whitelist: 0, IPv4: 1, IPv6: 0, Min Delay: 15 ms, Max Speed: 49.13 M/s, Avg Speed: 49.13 M/s, Max Resolution: 1920x1080
Category: ☘️新疆频道, Name: 伊犁维吾尔, Total: 2, Valid: 2, Valid Percent: 100.00%, Whitelist: 0, IPv4: 2, IPv6: 0, Min Delay: 9985 ms, Max Speed: 0.47 M/s, Avg Speed: 0.45 M/s, Max Resolution: None
Category: ☘️新疆频道, Name: 伊犁哈萨克, Total: 1, Valid: 1, Valid Percent: 100.00%, Whitelist: 0, IPv4: 1, IPv6: 0, Min Delay: 10288 ms, Max Speed: 0.50 M/s, Avg Speed: 0.50 M/s, Max Resolution: None
Category: ☘️新疆频道, Name: 伊犁经济法制, Total: 1, Valid: 1, Valid Percent: 100.00%, Whitelist: 0, IPv4: 1, IPv6: 0, Min Delay: 3553 ms, Max Speed: 0.98 M/s, Avg Speed: 0.98 M/s, Max Resolution: None
Category: ☘️新疆频道, Name: 兵团五师双河新闻综合, Total: 2, Valid: 2, Valid Percent: 100.00%, Whitelist: 0, IPv4: 2, IPv6: 0, Min Delay: 1682 ms, Max Speed: 0.24 M/s, Avg Speed: 0.24 M/s, Max Resolution: 720x576
Category: ☘️新疆频道, Name: 奎屯哈萨克语, Total: 2, Valid: 2, Valid Percent: 100.00%, Whitelist: 0, IPv4: 2, IPv6: 0, Min Delay: 10538 ms, Max Speed: 0.05 M/s, Avg Speed: 0.04 M/s, Max Resolution: 1920x1080
Category: ☘️新疆频道, Name: 玛纳斯综合, Total: 1, Valid: 1, Valid Percent: 100.00%, Whitelist: 0, IPv4: 1, IPv6: 0, Min Delay: 6396 ms, Max Speed: 0.16 M/s, Avg Speed: 0.16 M/s, Max Resolution: 1920x1080
Category: ☘️新疆频道, Name: 新疆卫视, Total: 15, Valid: 0, Valid Percent: 0.00%, Whitelist: 0, IPv4: 0, IPv6: 15, Min Delay: -1 ms, Max Speed: 0.00 M/s, Avg Speed: 0.00 M/s, Max Resolution: None
Category: ☘️新疆频道, Name: 可克达拉综合, Total: 2, Valid: 1, Valid Percent: 50.00%, Whitelist: 0, IPv4: 2, IPv6: 0, Min Delay: 10782 ms, Max Speed: 0.12 M/s, Avg Speed: 0.12 M/s, Max Resolution: 1920x1080
Category: ☘️新疆频道, Name: 巴音郭楞州, Total: 1, Valid: 0, Valid Percent: 0.00%, Whitelist: 0, IPv4: 1, IPv6: 0, Min Delay: -1 ms, Max Speed: 0.00 M/s, Avg Speed: 0.00 M/s, Max Resolution: 1920x1080
Category: ☘️新疆频道, Name: 石河子教育, Total: 1, Valid: 0, Valid Percent: 0.00%, Whitelist: 0, IPv4: 1, IPv6: 0, Min Delay: 5053 ms, Max Speed: 0.00 M/s, Avg Speed: 0.00 M/s, Max Resolution: None
Category: ☘️新疆频道, Name: 石河子新闻综合, Total: 1, Valid: 0, Valid Percent: 0.00%, Whitelist: 0, IPv4: 1, IPv6: 0, Min Delay: 5054 ms, Max Speed: 0.00 M/s, Avg Speed: 0.00 M/s, Max Resolution: None
Category: ☘️山东频道, Name: 山东少儿, Total: 8, Valid: 0, Valid Percent: 0.00%, Whitelist: 0, IPv4: 0, IPv6: 8, Min Delay: -1 ms, Max Speed: 0.00 M/s, Avg Speed: 0.00 M/s, Max Resolution: None
Category: ☘️山东频道, Name: 山东新闻, Total: 7, Valid: 0, Valid Percent: 0.00%, Whitelist: 0, IPv4: 0, IPv6: 7, Min Delay: -1 ms, Max Speed: 0.00 M/s, Avg Speed: 0.00 M/s, Max Resolution: None
Category: ☘️山东频道, Name: 山东教育, Total: 27, Valid: 0, Valid Percent: 0.00%, Whitelist: 0, IPv4: 0, IPv6: 27, Min Delay: -1 ms, Max Speed: 0.00 M/s, Avg Speed: 0.00 M/s, Max Resolution: None
Category: ☘️山东频道, Name: 山东农科, Total: 1, Valid: 0, Valid Percent: 0.00%, Whitelist: 0, IPv4: 1, IPv6: 0, Min Delay: 10225 ms, Max Speed: 0.00 M/s, Avg Speed: 0.00 M/s, Max Resolution: None
Category: ☘️山东频道, Name: 山东齐鲁, Total: 2, Valid: 2, Valid Percent: 100.00%, Whitelist: 0, IPv4: 2, IPv6: 0, Min Delay: 10643 ms, Max Speed: 0.02 M/s, Avg Speed: 0.02 M/s, Max Resolution: 1920x1080
Category: ☘️山东频道, Name: 山东生活, Total: 1, Valid: 0, Valid Percent: 0.00%, Whitelist: 0, IPv4: 0, IPv6: 1, Min Delay: -1 ms, Max Speed: 0.00 M/s, Avg Speed: 0.00 M/s, Max Resolution: None
Category: ☘️山东频道, Name: 山东体育, Total: 10, Valid: 0, Valid Percent: 0.00%, Whitelist: 0, IPv4: 0, IPv6: 10, Min Delay: -1 ms, Max Speed: 0.00 M/s, Avg Speed: 0.00 M/s, Max Resolution: None
Category: ☘️山东频道, Name: 山东文旅, Total: 2, Valid: 1, Valid Percent: 50.00%, Whitelist: 0, IPv4: 2, IPv6: 0, Min Delay: 10117 ms, Max Speed: 0.06 M/s, Avg Speed: 0.06 M/s, Max Resolution: None
Category: ☘️山东频道, Name: 山东综艺, Total: 1, Valid: 0, Valid Percent: 0.00%, Whitelist: 0, IPv4: 1, IPv6: 0, Min Delay: 10231 ms, Max Speed: 0.00 M/s, Avg Speed: 0.00 M/s, Max Resolution: None
Category: ☘️山东频道, Name: 济南综合, Total: 2, Valid: 0, Valid Percent: 0.00%, Whitelist: 0, IPv4: 0, IPv6: 2, Min Delay: -1 ms, Max Speed: 0.00 M/s, Avg Speed: 0.00 M/s, Max Resolution: None
Category: ☘️山东频道, Name: 济南新闻综合, Total: 2, Valid: 0, Valid Percent: 0.00%, Whitelist: 0, IPv4: 0, IPv6: 2, Min Delay: -1 ms, Max Speed: 0.00 M/s, Avg Speed: 0.00 M/s, Max Resolution: None
Category: ☘️山东频道, Name: 济南教育, Total: 1, Valid: 0, Valid Percent: 0.00%, Whitelist: 0, IPv4: 0, IPv6: 1, Min Delay: -1 ms, Max Speed: 0.00 M/s, Avg Speed: 0.00 M/s, Max Resolution: None
Category: ☘️山东频道, Name: 潍坊新闻综合, Total: 2, Valid: 0, Valid Percent: 0.00%, Whitelist: 0, IPv4: 0, IPv6: 2, Min Delay: -1 ms, Max Speed: 0.00 M/s, Avg Speed: 0.00 M/s, Max Resolution: None
Category: ☘️山西频道, Name: 万荣综合, Total: 1, Valid: 1, Valid Percent: 100.00%, Whitelist: 0, IPv4: 1, IPv6: 0, Min Delay: 6061 ms, Max Speed: 0.23 M/s, Avg Speed: 0.23 M/s, Max Resolution: 720x404
Category: ☘️山西频道, Name: 古县综合, Total: 1, Valid: 1, Valid Percent: 100.00%, Whitelist: 0, IPv4: 1, IPv6: 0, Min Delay: 2699 ms, Max Speed: 0.68 M/s, Avg Speed: 0.68 M/s, Max Resolution: 720x480
Category: ☘️山西频道, Name: 大宁综合, Total: 1, Valid: 1, Valid Percent: 100.00%, Whitelist: 0, IPv4: 1, IPv6: 0, Min Delay: 1352 ms, Max Speed: 0.05 M/s, Avg Speed: 0.05 M/s, Max Resolution: None
Category: ☘️山西频道, Name: 太谷新闻综合, Total: 3, Valid: 3, Valid Percent: 100.00%, Whitelist: 0, IPv4: 3, IPv6: 0, Min Delay: 1067 ms, Max Speed: 2.81 M/s, Avg Speed: 1.96 M/s, Max Resolution: 1920x1080
Category: ☘️山西频道, Name: 定襄综合, Total: 1, Valid: 1, Valid Percent: 100.00%, Whitelist: 0, IPv4: 1, IPv6: 0, Min Delay: 1992 ms, Max Speed: 0.43 M/s, Avg Speed: 0.43 M/s, Max Resolution: 1280x720
Category: ☘️山西频道, Name: 平遥新闻综合, Total: 1, Valid: 1, Valid Percent: 100.00%, Whitelist: 0, IPv4: 1, IPv6: 0, Min Delay: 3112 ms, Max Speed: 0.69 M/s, Avg Speed: 0.69 M/s, Max Resolution: 1920x1080
Category: ☘️山西频道, Name: 武乡新闻综合, Total: 4, Valid: 0, Valid Percent: 0.00%, Whitelist: 0, IPv4: 0, IPv6: 4, Min Delay: -1 ms, Max Speed: 0.00 M/s, Avg Speed: 0.00 M/s, Max Resolution: None
Category: ☘️山西频道, Name: 汾西综合, Total: 1, Valid: 1, Valid Percent: 100.00%, Whitelist: 0, IPv4: 1, IPv6: 0, Min Delay: 2217 ms, Max Speed: 0.47 M/s, Avg Speed: 0.47 M/s, Max Resolution: 1920x1080
Category: ☘️山西频道, Name: 祁县新闻综合, Total: 1, Valid: 1, Valid Percent: 100.00%, Whitelist: 0, IPv4: 1, IPv6: 0, Min Delay: 2280 ms, Max Speed: 0.17 M/s, Avg Speed: 0.17 M/s, Max Resolution: 640x360
Category: ☘️山西频道, Name: 运城科技教育, Total: 2, Valid: 0, Valid Percent: 0.00%, Whitelist: 0, IPv4: 0, IPv6: 2, Min Delay: -1 ms, Max Speed: 0.00 M/s, Avg Speed: 0.00 M/s, Max Resolution: None
Category: ☘️山西频道, Name: 长子综合, Total: 1, Valid: 1, Valid Percent: 100.00%, Whitelist: 0, IPv4: 1, IPv6: 0, Min Delay: 10698 ms, Max Speed: 0.30 M/s, Avg Speed: 0.30 M/s, Max Resolution: 720x576
Category: ☘️山西频道, Name: 黎城综合, Total: 1, Valid: 1, Valid Percent: 100.00%, Whitelist: 0, IPv4: 1, IPv6: 0, Min Delay: 2082 ms, Max Speed: 1.25 M/s, Avg Speed: 1.25 M/s, Max Resolution: 1920x1080
Category: ☘️安徽频道, Name: 安徽国际, Total: 2, Valid: 0, Valid Percent: 0.00%, Whitelist: 0, IPv4: 0, IPv6: 2, Min Delay: -1 ms, Max Speed: 0.00 M/s, Avg Speed: 0.00 M/s, Max Resolution: None
Category: ☘️安徽频道, Name: 安徽影视, Total: 5, Valid: 0, Valid Percent: 0.00%, Whitelist: 0, IPv4: 0, IPv6: 5, Min Delay: -1 ms, Max Speed: 0.00 M/s, Avg Speed: 0.00 M/s, Max Resolution: None
Category: ☘️安徽频道, Name: 安徽经济生活, Total: 1, Valid: 0, Valid Percent: 0.00%, Whitelist: 0, IPv4: 0, IPv6: 1, Min Delay: -1 ms, Max Speed: 0.00 M/s, Avg Speed: 0.00 M/s, Max Resolution: None
Category: ☘️安徽频道, Name: 安徽综艺体育, Total: 5, Valid: 0, Valid Percent: 0.00%, Whitelist: 0, IPv4: 0, IPv6: 5, Min Delay: -1 ms, Max Speed: 0.00 M/s, Avg Speed: 0.00 M/s, Max Resolution: None
Category: ☘️安徽频道, Name: 安徽导视, Total: 1, Valid: 0, Valid Percent: 0.00%, Whitelist: 0, IPv4: 0, IPv6: 1, Min Delay: -1 ms, Max Speed: 0.00 M/s, Avg Speed: 0.00 M/s, Max Resolution: None
Category: ☘️安徽频道, Name: 合肥新闻, Total: 1, Valid: 1, Valid Percent: 100.00%, Whitelist: 0, IPv4: 1, IPv6: 0, Min Delay: 10678 ms, Max Speed: 0.30 M/s, Avg Speed: 0.30 M/s, Max Resolution: 720x576
Category: ☘️安徽频道, Name: 固镇新闻, Total: 1, Valid: 1, Valid Percent: 100.00%, Whitelist: 0, IPv4: 1, IPv6: 0, Min Delay: 10050 ms, Max Speed: 0.06 M/s, Avg Speed: 0.06 M/s, Max Resolution: 1920x1080
Category: ☘️安徽频道, Name: 黄山新闻综合, Total: 2, Valid: 0, Valid Percent: 0.00%, Whitelist: 0, IPv4: 0, IPv6: 2, Min Delay: -1 ms, Max Speed: 0.00 M/s, Avg Speed: 0.00 M/s, Max Resolution: None
Category: ☘️安徽频道, Name: 黄山公共生活, Total: 1, Valid: 0, Valid Percent: 0.00%, Whitelist: 0, IPv4: 0, IPv6: 1, Min Delay: -1 ms, Max Speed: 0.00 M/s, Avg Speed: 0.00 M/s, Max Resolution: None
Category: ☘️安徽频道, Name: 铜陵新闻综合, Total: 1, Valid: 0, Valid Percent: 0.00%, Whitelist: 0, IPv4: 0, IPv6: 1, Min Delay: -1 ms, Max Speed: 0.00 M/s, Avg Speed: 0.00 M/s, Max Resolution: None
Category: ☘️安徽频道, Name: 祁门综合, Total: 3, Valid: 0, Valid Percent: 0.00%, Whitelist: 0, IPv4: 2, IPv6: 1, Min Delay: -1 ms, Max Speed: 0.00 M/s, Avg Speed: 0.00 M/s, Max Resolution: 1920x1080
Category: ☘️安徽频道, Name: 灵璧综合, Total: 2, Valid: 2, Valid Percent: 100.00%, Whitelist: 0, IPv4: 2, IPv6: 0, Min Delay: 2962 ms, Max Speed: 0.20 M/s, Avg Speed: 0.19 M/s, Max Resolution: 640x480
Category: ☘️安徽频道, Name: 滁州科教, Total: 3, Valid: 0, Valid Percent: 0.00%, Whitelist: 0, IPv4: 0, IPv6: 3, Min Delay: -1 ms, Max Speed: 0.00 M/s, Avg Speed: 0.00 M/s, Max Resolution: None
Category: ☘️安徽频道, Name: 滁州新闻综合, Total: 1, Valid: 0, Valid Percent: 0.00%, Whitelist: 0, IPv4: 0, IPv6: 1, Min Delay: -1 ms, Max Speed: 0.00 M/s, Avg Speed: 0.00 M/s, Max Resolution: None
Category: ☘️安徽频道, Name: 滁州市广播电视台 新闻综合, Total: 1, Valid: 0, Valid Percent: 0.00%, Whitelist: 0, IPv4: 0, IPv6: 1, Min Delay: -1 ms, Max Speed: 0.00 M/s, Avg Speed: 0.00 M/s, Max Resolution: None
Category: ☘️安徽频道, Name: 滁州市广播电视台 公共, Total: 1, Valid: 0, Valid Percent: 0.00%, Whitelist: 0, IPv4: 0, IPv6: 1, Min Delay: -1 ms, Max Speed: 0.00 M/s, Avg Speed: 0.00 M/s, Max Resolution: None
Category: ☘️安徽频道, Name: 滁州公共, Total: 1, Valid: 0, Valid Percent: 0.00%, Whitelist: 0, IPv4: 0, IPv6: 1, Min Delay: -1 ms, Max Speed: 0.00 M/s, Avg Speed: 0.00 M/s, Max Resolution: None
Category: ☘️安徽频道, Name: 涡阳新闻综合, Total: 1, Valid: 1, Valid Percent: 100.00%, Whitelist: 0, IPv4: 1, IPv6: 0, Min Delay: 1926 ms, Max Speed: 0.24 M/s, Avg Speed: 0.24 M/s, Max Resolution: 544x480
Category: ☘️安徽频道, Name: 宿州新闻综合, Total: 3, Valid: 0, Valid Percent: 0.00%, Whitelist: 0, IPv4: 0, IPv6: 3, Min Delay: -1 ms, Max Speed: 0.00 M/s, Avg Speed: 0.00 M/s, Max Resolution: None
Category: ☘️安徽频道, Name: 宿州公共, Total: 1, Valid: 0, Valid Percent: 0.00%, Whitelist: 0, IPv4: 0, IPv6: 1, Min Delay: -1 ms, Max Speed: 0.00 M/s, Avg Speed: 0.00 M/s, Max Resolution: None
Category: ☘️安徽频道, Name: 六安新闻综合, Total: 1, Valid: 0, Valid Percent: 0.00%, Whitelist: 0, IPv4: 0, IPv6: 1, Min Delay: -1 ms, Max Speed: 0.00 M/s, Avg Speed: 0.00 M/s, Max Resolution: None
Category: ☘️安徽频道, Name: 六安公共, Total: 1, Valid: 0, Valid Percent: 0.00%, Whitelist: 0, IPv4: 0, IPv6: 1, Min Delay: -1 ms, Max Speed: 0.00 M/s, Avg Speed: 0.00 M/s, Max Resolution: None
Category: ☘️安徽频道, Name: 亳州新闻, Total: 1, Valid: 0, Valid Percent: 0.00%, Whitelist: 0, IPv4: 0, IPv6: 1, Min Delay: -1 ms, Max Speed: 0.00 M/s, Avg Speed: 0.00 M/s, Max Resolution: None
Category: ☘️安徽频道, Name: 亳州农村, Total: 2, Valid: 0, Valid Percent: 0.00%, Whitelist: 0, IPv4: 0, IPv6: 2, Min Delay: -1 ms, Max Speed: 0.00 M/s, Avg Speed: 0.00 M/s, Max Resolution: None
Category: ☘️宁夏频道, Name: 宁夏经济, Total: 1, Valid: 0, Valid Percent: 0.00%, Whitelist: 0, IPv4: 0, IPv6: 1, Min Delay: -1 ms, Max Speed: 0.00 M/s, Avg Speed: 0.00 M/s, Max Resolution: None
Category: ☘️宁夏频道, Name: 吴忠综合, Total: 2, Valid: 2, Valid Percent: 100.00%, Whitelist: 0, IPv4: 2, IPv6: 0, Min Delay: 1176 ms, Max Speed: 0.07 M/s, Avg Speed: 0.07 M/s, Max Resolution: 320x240
Category: ☘️宁夏频道, Name: 吴忠公共, Total: 2, Valid: 2, Valid Percent: 100.00%, Whitelist: 0, IPv4: 2, IPv6: 0, Min Delay: 1289 ms, Max Speed: 0.07 M/s, Avg Speed: 0.07 M/s, Max Resolution: 320x240
Category: ☘️吉林频道, Name: 延边卫视, Total: 3, Valid: 0, Valid Percent: 0.00%, Whitelist: 0, IPv4: 0, IPv6: 3, Min Delay: -1 ms, Max Speed: 0.00 M/s, Avg Speed: 0.00 M/s, Max Resolution: None
Category: ☘️吉林频道, Name: 吉林乡村, Total: 1, Valid: 1, Valid Percent: 100.00%, Whitelist: 0, IPv4: 1, IPv6: 0, Min Delay: 12 ms, Max Speed: 9.52 M/s, Avg Speed: 9.52 M/s, Max Resolution: None
Category: ☘️吉林频道, Name: 长白山电视台, Total: 1, Valid: 1, Valid Percent: 100.00%, Whitelist: 0, IPv4: 1, IPv6: 0, Min Delay: 879 ms, Max Speed: 0.10 M/s, Avg Speed: 0.10 M/s, Max Resolution: 320x240
Category: ☘️吉林频道, Name: 德惠综合, Total: 2, Valid: 2, Valid Percent: 100.00%, Whitelist: 0, IPv4: 2, IPv6: 0, Min Delay: 1470 ms, Max Speed: 0.19 M/s, Avg Speed: 0.18 M/s, Max Resolution: 720x576
Category: ☘️吉林频道, Name: 九台综合, Total: 3, Valid: 3, Valid Percent: 100.00%, Whitelist: 0, IPv4: 3, IPv6: 0, Min Delay: 1403 ms, Max Speed: 0.25 M/s, Avg Speed: 0.23 M/s, Max Resolution: 720x576
Category: ☘️吉林频道, Name: 长白朝语, Total: 1, Valid: 0, Valid Percent: 0.00%, Whitelist: 0, IPv4: 0, IPv6: 1, Min Delay: -1 ms, Max Speed: 0.00 M/s, Avg Speed: 0.00 M/s, Max Resolution: None
Category: ☘️吉林频道, Name: 靖宇综合, Total: 1, Valid: 1, Valid Percent: 100.00%, Whitelist: 0, IPv4: 1, IPv6: 0, Min Delay: 685 ms, Max Speed: 0.05 M/s, Avg Speed: 0.05 M/s, Max Resolution: None
Category: ☘️吉林频道, Name: 敦化一套, Total: 2, Valid: 2, Valid Percent: 100.00%, Whitelist: 0, IPv4: 2, IPv6: 0, Min Delay: 931 ms, Max Speed: 0.12 M/s, Avg Speed: 0.12 M/s, Max Resolution: 720x576
Category: ☘️吉林频道, Name: 珲春新闻综合, Total: 1, Valid: 0, Valid Percent: 0.00%, Whitelist: 0, IPv4: 0, IPv6: 1, Min Delay: -1 ms, Max Speed: 0.00 M/s, Avg Speed: 0.00 M/s, Max Resolution: None
Category: ☘️吉林频道, Name: 龙井综合, Total: 1, Valid: 1, Valid Percent: 100.00%, Whitelist: 0, IPv4: 1, IPv6: 0, Min Delay: 1392 ms, Max Speed: 0.04 M/s, Avg Speed: 0.04 M/s, Max Resolution: None
Category: ☘️吉林频道, Name: 梅河口综合, Total: 1, Valid: 1, Valid Percent: 100.00%, Whitelist: 0, IPv4: 1, IPv6: 0, Min Delay: 635 ms, Max Speed: 0.05 M/s, Avg Speed: 0.05 M/s, Max Resolution: None
Category: ☘️吉林频道, Name: 桦甸综合, Total: 1, Valid: 1, Valid Percent: 100.00%, Whitelist: 0, IPv4: 1, IPv6: 0, Min Delay: 650 ms, Max Speed: 0.05 M/s, Avg Speed: 0.05 M/s, Max Resolution: None
Category: ☘️吉林频道, Name: 磐石综合, Total: 1, Valid: 1, Valid Percent: 100.00%, Whitelist: 0, IPv4: 1, IPv6: 0, Min Delay: 628 ms, Max Speed: 0.06 M/s, Avg Speed: 0.06 M/s, Max Resolution: None
Category: ☘️吉林频道, Name: 舒兰新闻综合, Total: 2, Valid: 2, Valid Percent: 100.00%, Whitelist: 0, IPv4: 2, IPv6: 0, Min Delay: 874 ms, Max Speed: 0.09 M/s, Avg Speed: 0.08 M/s, Max Resolution: 320x240
Category: ☘️吉林频道, Name: 东丰综合, Total: 1, Valid: 1, Valid Percent: 100.00%, Whitelist: 0, IPv4: 1, IPv6: 0, Min Delay: 651 ms, Max Speed: 0.06 M/s, Avg Speed: 0.06 M/s, Max Resolution: None
Category: ☘️吉林频道, Name: 双辽综合, Total: 1, Valid: 1, Valid Percent: 100.00%, Whitelist: 0, IPv4: 1, IPv6: 0, Min Delay: 657 ms, Max Speed: 0.06 M/s, Avg Speed: 0.06 M/s, Max Resolution: None
Category: ☘️吉林频道, Name: 辉南新闻综合, Total: 3, Valid: 3, Valid Percent: 100.00%, Whitelist: 0, IPv4: 3, IPv6: 0, Min Delay: 1963 ms, Max Speed: 0.65 M/s, Avg Speed: 0.64 M/s, Max Resolution: 720x576
Category: ☘️吉林频道, Name: 柳河综合, Total: 1, Valid: 1, Valid Percent: 100.00%, Whitelist: 0, IPv4: 1, IPv6: 0, Min Delay: 669 ms, Max Speed: 0.06 M/s, Avg Speed: 0.06 M/s, Max Resolution: None
Category: ☘️吉林频道, Name: 通化县综合, Total: 1, Valid: 1, Valid Percent: 100.00%, Whitelist: 0, IPv4: 1, IPv6: 0, Min Delay: 683 ms, Max Speed: 0.04 M/s, Avg Speed: 0.04 M/s, Max Resolution: None
Category: ☘️吉林频道, Name: 汪清综合, Total: 3, Valid: 3, Valid Percent: 100.00%, Whitelist: 0, IPv4: 3, IPv6: 0, Min Delay: 878 ms, Max Speed: 0.09 M/s, Avg Speed: 0.09 M/s, Max Resolution: 320x240
Category: ☘️内蒙古频道, Name: 内蒙经济, Total: 1, Valid: 0, Valid Percent: 0.00%, Whitelist: 0, IPv4: 0, IPv6: 1, Min Delay: -1 ms, Max Speed: 0.00 M/s, Avg Speed: 0.00 M/s, Max Resolution: None
Category: ☘️内蒙古频道, Name: 内蒙古经济生活, Total: 1, Valid: 0, Valid Percent: 0.00%, Whitelist: 0, IPv4: 0, IPv6: 1, Min Delay: -1 ms, Max Speed: 0.00 M/s, Avg Speed: 0.00 M/s, Max Resolution: None
Category: ☘️云南频道, Name: 文山州公共, Total: 2, Valid: 0, Valid Percent: 0.00%, Whitelist: 0, IPv4: 0, IPv6: 2, Min Delay: -1 ms, Max Speed: 0.00 M/s, Avg Speed: 0.00 M/s, Max Resolution: None
Category: ☘️云南频道, Name: 文山州新闻综合, Total: 1, Valid: 0, Valid Percent: 0.00%, Whitelist: 0, IPv4: 0, IPv6: 1, Min Delay: -1 ms, Max Speed: 0.00 M/s, Avg Speed: 0.00 M/s, Max Resolution: None
Category: ☘️云南频道, Name: 易门综合, Total: 1, Valid: 1, Valid Percent: 100.00%, Whitelist: 0, IPv4: 1, IPv6: 0, Min Delay: 2044 ms, Max Speed: 0.53 M/s, Avg Speed: 0.53 M/s, Max Resolution: 1920x1080
Category: ☘️云南频道, Name: 瑞丽综合, Total: 1, Valid: 1, Valid Percent: 100.00%, Whitelist: 0, IPv4: 1, IPv6: 0, Min Delay: 819 ms, Max Speed: 0.02 M/s, Avg Speed: 0.02 M/s, Max Resolution: None
Category: ☘️云南频道, Name: 盈江综合, Total: 1, Valid: 0, Valid Percent: 0.00%, Whitelist: 0, IPv4: 1, IPv6: 0, Min Delay: 795 ms, Max Speed: 0.00 M/s, Avg Speed: 0.00 M/s, Max Resolution: None
Category: ☘️云南频道, Name: 砚山电视台, Total: 1, Valid: 0, Valid Percent: 0.00%, Whitelist: 0, IPv4: 1, IPv6: 0, Min Delay: 799 ms, Max Speed: 0.00 M/s, Avg Speed: 0.00 M/s, Max Resolution: None
Category: ☘️云南频道, Name: 腾冲综合, Total: 1, Valid: 1, Valid Percent: 100.00%, Whitelist: 0, IPv4: 1, IPv6: 0, Min Delay: 905 ms, Max Speed: 0.02 M/s, Avg Speed: 0.02 M/s, Max Resolution: None
Category: ☘️云南频道, Name: 通海电视台, Total: 1, Valid: 1, Valid Percent: 100.00%, Whitelist: 0, IPv4: 1, IPv6: 0, Min Delay: 2284 ms, Max Speed: 0.81 M/s, Avg Speed: 0.81 M/s, Max Resolution: 1920x1080
Category: ☘️云南频道, Name: 陇川综合, Total: 1, Valid: 1, Valid Percent: 100.00%, Whitelist: 0, IPv4: 1, IPv6: 0, Min Delay: 2533 ms, Max Speed: 1.00 M/s, Avg Speed: 1.00 M/s, Max Resolution: 1920x1080
Category: ☘️云南频道, Name: 麻栗坡电视台, Total: 1, Valid: 1, Valid Percent: 100.00%, Whitelist: 0, IPv4: 1, IPv6: 0, Min Delay: 604 ms, Max Speed: 0.15 M/s, Avg Speed: 0.15 M/s, Max Resolution: 1920x1080
Category: ☘️云南频道, Name: 云南都市, Total: 1, Valid: 1, Valid Percent: 100.00%, Whitelist: 0, IPv4: 1, IPv6: 0, Min Delay: 1787 ms, Max Speed: 0.28 M/s, Avg Speed: 0.28 M/s, Max Resolution: 1280x720
Category: ☘️云南频道, Name: 云南娱乐, Total: 1, Valid: 1, Valid Percent: 100.00%, Whitelist: 0, IPv4: 1, IPv6: 0, Min Delay: 1857 ms, Max Speed: 0.31 M/s, Avg Speed: 0.31 M/s, Max Resolution: 1280x720
Category: ☘️青海频道, Name: 安多卫视, Total: 4, Valid: 0, Valid Percent: 0.00%, Whitelist: 0, IPv4: 0, IPv6: 4, Min Delay: -1 ms, Max Speed: 0.00 M/s, Avg Speed: 0.00 M/s, Max Resolution: None
Category: ☘️青海频道, Name: 西宁新闻综合, Total: 10, Valid: 0, Valid Percent: 0.00%, Whitelist: 0, IPv4: 0, IPv6: 10, Min Delay: -1 ms, Max Speed: 0.00 M/s, Avg Speed: 0.00 M/s, Max Resolution: None
Category: ☘️青海频道, Name: 西宁生活服务, Total: 4, Valid: 0, Valid Percent: 0.00%, Whitelist: 0, IPv4: 0, IPv6: 4, Min Delay: -1 ms, Max Speed: 0.00 M/s, Avg Speed: 0.00 M/s, Max Resolution: None
Category: ☘️青海频道, Name: 青海都市, Total: 2, Valid: 0, Valid Percent: 0.00%, Whitelist: 0, IPv4: 0, IPv6: 2, Min Delay: -1 ms, Max Speed: 0.00 M/s, Avg Speed: 0.00 M/s, Max Resolution: None
Category: ☘️黑龙江频道, Name: 黑龙江文体, Total: 7, Valid: 0, Valid Percent: 0.00%, Whitelist: 0, IPv4: 0, IPv6: 7, Min Delay: -1 ms, Max Speed: 0.00 M/s, Avg Speed: 0.00 M/s, Max Resolution: None
Category: ☘️黑龙江频道, Name: 黑龙江新闻法治, Total: 6, Valid: 0, Valid Percent: 0.00%, Whitelist: 0, IPv4: 0, IPv6: 6, Min Delay: -1 ms, Max Speed: 0.00 M/s, Avg Speed: 0.00 M/s, Max Resolution: None
Category: ☘️黑龙江频道, Name: 黑龙江影视, Total: 5, Valid: 0, Valid Percent: 0.00%, Whitelist: 0, IPv4: 0, IPv6: 5, Min Delay: -1 ms, Max Speed: 0.00 M/s, Avg Speed: 0.00 M/s, Max Resolution: None
Category: ☘️黑龙江频道, Name: 黑龙江都市, Total: 8, Valid: 0, Valid Percent: 0.00%, Whitelist: 0, IPv4: 0, IPv6: 8, Min Delay: -1 ms, Max Speed: 0.00 M/s, Avg Speed: 0.00 M/s, Max Resolution: None
Category: ☘️黑龙江频道, Name: 黑龙江少儿, Total: 4, Valid: 0, Valid Percent: 0.00%, Whitelist: 0, IPv4: 0, IPv6: 4, Min Delay: -1 ms, Max Speed: 0.00 M/s, Avg Speed: 0.00 M/s, Max Resolution: None
Category: ☘️黑龙江频道, Name: 黑龙江新闻, Total: 3, Valid: 0, Valid Percent: 0.00%, Whitelist: 0, IPv4: 0, IPv6: 3, Min Delay: -1 ms, Max Speed: 0.00 M/s, Avg Speed: 0.00 M/s, Max Resolution: None
Category: ☘️黑龙江频道, Name: 哈尔滨新闻综合, Total: 1, Valid: 0, Valid Percent: 0.00%, Whitelist: 0, IPv4: 0, IPv6: 1, Min Delay: -1 ms, Max Speed: 0.00 M/s, Avg Speed: 0.00 M/s, Max Resolution: None
Category: ☘️黑龙江频道, Name: 哈尔滨影视, Total: 6, Valid: 5, Valid Percent: 83.33%, Whitelist: 0, IPv4: 6, IPv6: 0, Min Delay: 237 ms, Max Speed: 0.01 M/s, Avg Speed: 0.01 M/s, Max Resolution: 640x480
Category: ☘️黑龙江频道, Name: 哈尔滨资讯, Total: 1, Valid: 1, Valid Percent: 100.00%, Whitelist: 0, IPv4: 1, IPv6: 0, Min Delay: 10656 ms, Max Speed: 0.01 M/s, Avg Speed: 0.01 M/s, Max Resolution: None
Category: ☘️黑龙江频道, Name: 哈尔滨生活, Total: 5, Valid: 4, Valid Percent: 80.00%, Whitelist: 0, IPv4: 5, IPv6: 0, Min Delay: 247 ms, Max Speed: 0.02 M/s, Avg Speed: 0.01 M/s, Max Resolution: 640x480
Category: ☘️黑龙江频道, Name: 哈尔滨娱乐, Total: 1, Valid: 1, Valid Percent: 100.00%, Whitelist: 0, IPv4: 1, IPv6: 0, Min Delay: 10566 ms, Max Speed: 0.00 M/s, Avg Speed: 0.00 M/s, Max Resolution: None
Category: ☘️黑龙江频道, Name: 大庆新闻综合, Total: 1, Valid: 0, Valid Percent: 0.00%, Whitelist: 0, IPv4: 0, IPv6: 1, Min Delay: -1 ms, Max Speed: 0.00 M/s, Avg Speed: 0.00 M/s, Max Resolution: None
Category: ☘️黑龙江频道, Name: 鹤岗新闻综合, Total: 3, Valid: 0, Valid Percent: 0.00%, Whitelist: 0, IPv4: 0, IPv6: 3, Min Delay: -1 ms, Max Speed: 0.00 M/s, Avg Speed: 0.00 M/s, Max Resolution: None
Category: ☘️黑龙江频道, Name: 七台河新闻综合, Total: 1, Valid: 1, Valid Percent: 100.00%, Whitelist: 0, IPv4: 1, IPv6: 0, Min Delay: 2386 ms, Max Speed: 0.40 M/s, Avg Speed: 0.40 M/s, Max Resolution: 1280x720
Category: ☘️黑龙江频道, Name: 甘南县综合, Total: 1, Valid: 1, Valid Percent: 100.00%, Whitelist: 0, IPv4: 1, IPv6: 0, Min Delay: 3327 ms, Max Speed: 0.01 M/s, Avg Speed: 0.01 M/s, Max Resolution: 640x480
Category: ☘️黑龙江频道, Name: 齐齐哈尔新闻综合, Total: 3, Valid: 0, Valid Percent: 0.00%, Whitelist: 0, IPv4: 0, IPv6: 3, Min Delay: -1 ms, Max Speed: 0.00 M/s, Avg Speed: 0.00 M/s, Max Resolution: None
Category: ☘️黑龙江频道, Name: 双鸭山综合, Total: 2, Valid: 1, Valid Percent: 50.00%, Whitelist: 0, IPv4: 2, IPv6: 0, Min Delay: 2631 ms, Max Speed: 0.37 M/s, Avg Speed: 0.37 M/s, Max Resolution: 1280x720
Category: 🌊港·澳·台, Name: 翡翠台, Total: 101, Valid: 2, Valid Percent: 1.98%, Whitelist: 0, IPv4: 2, IPv6: 99, Min Delay: 14 ms, Max Speed: 21.84 M/s, Avg Speed: 19.54 M/s, Max Resolution: 1920x1080
Category: 🌊港·澳·台, Name: 明珠台, Total: 48, Valid: 0, Valid Percent: 0.00%, Whitelist: 0, IPv4: 0, IPv6: 48, Min Delay: -1 ms, Max Speed: 0.00 M/s, Avg Speed: 0.00 M/s, Max Resolution: None
Category: 🌊港·澳·台, Name: 凤凰中文, Total: 72, Valid: 2, Valid Percent: 2.78%, Whitelist: 0, IPv4: 2, IPv6: 70, Min Delay: 14 ms, Max Speed: 22.10 M/s, Avg Speed: 11.15 M/s, Max Resolution: 1920x1080
Category: 🌊港·澳·台, Name: 凤凰资讯, Total: 72, Valid: 1, Valid Percent: 1.39%, Whitelist: 0, IPv4: 1, IPv6: 71, Min Delay: 270 ms, Max Speed: 0.25 M/s, Avg Speed: 0.25 M/s, Max Resolution: None
Category: 🌊港·澳·台, Name: 凤凰香港, Total: 62, Valid: 1, Valid Percent: 1.61%, Whitelist: 0, IPv4: 1, IPv6: 61, Min Delay: 12 ms, Max Speed: 25.10 M/s, Avg Speed: 25.10 M/s, Max Resolution: 1920x1080
Category: 🌊港·澳·台, Name: 凤凰卫视, Total: 1, Valid: 0, Valid Percent: 0.00%, Whitelist: 0, IPv4: 0, IPv6: 1, Min Delay: -1 ms, Max Speed: 0.00 M/s, Avg Speed: 0.00 M/s, Max Resolution: None
Category: 🌊港·澳·台, Name: TVBS亚洲, Total: 2, Valid: 1, Valid Percent: 50.00%, Whitelist: 0, IPv4: 1, IPv6: 1, Min Delay: 5124 ms, Max Speed: 0.53 M/s, Avg Speed: 0.53 M/s, Max Resolution: 1920x1080
Category: 🌊港·澳·台, Name: 香港卫视, Total: 12, Valid: 0, Valid Percent: 0.00%, Whitelist: 0, IPv4: 0, IPv6: 12, Min Delay: -1 ms, Max Speed: 0.00 M/s, Avg Speed: 0.00 M/s, Max Resolution: None
Category: 🌊港·澳·台, Name: 纬来体育, Total: 9, Valid: 4, Valid Percent: 44.44%, Whitelist: 0, IPv4: 4, IPv6: 5, Min Delay: 13 ms, Max Speed: 23.45 M/s, Avg Speed: 16.89 M/s, Max Resolution: 1920x1080
Category: 🌊港·澳·台, Name: 纬来育乐, Total: 10, Valid: 1, Valid Percent: 10.00%, Whitelist: 0, IPv4: 1, IPv6: 9, Min Delay: 12 ms, Max Speed: 25.68 M/s, Avg Speed: 25.68 M/s, Max Resolution: 1920x1080
Category: 🌊港·澳·台, Name: J2, Total: 1, Valid: 0, Valid Percent: 0.00%, Whitelist: 0, IPv4: 0, IPv6: 1, Min Delay: -1 ms, Max Speed: 0.00 M/s, Avg Speed: 0.00 M/s, Max Resolution: None
Category: 🌊港·澳·台, Name: Viutv, Total: 2, Valid: 1, Valid Percent: 50.00%, Whitelist: 0, IPv4: 1, IPv6: 1, Min Delay: 11 ms, Max Speed: 27.01 M/s, Avg Speed: 27.01 M/s, Max Resolution: 1920x1080
Category: 🌊港·澳·台, Name: 三立台湾, Total: 2, Valid: 1, Valid Percent: 50.00%, Whitelist: 0, IPv4: 1, IPv6: 1, Min Delay: 12 ms, Max Speed: 24.83 M/s, Avg Speed: 24.83 M/s, Max Resolution: 1920x1080
Category: 🌊港·澳·台, Name: 三立新闻, Total: 9, Valid: 1, Valid Percent: 11.11%, Whitelist: 0, IPv4: 1, IPv6: 8, Min Delay: 13 ms, Max Speed: 24.61 M/s, Avg Speed: 24.61 M/s, Max Resolution: 1920x1080
Category: 🌊港·澳·台, Name: 东森综合, Total: 3, Valid: 2, Valid Percent: 66.67%, Whitelist: 0, IPv4: 2, IPv6: 1, Min Delay: 12 ms, Max Speed: 25.76 M/s, Avg Speed: 25.41 M/s, Max Resolution: 1920x1080
Category: 🌊港·澳·台, Name: 东森超视, Total: 13, Valid: 3, Valid Percent: 23.08%, Whitelist: 0, IPv4: 3, IPv6: 10, Min Delay: 11 ms, Max Speed: 28.02 M/s, Avg Speed: 17.14 M/s, Max Resolution: 1920x1080
Category: 🌊港·澳·台, Name: 东森电影, Total: 3, Valid: 1, Valid Percent: 33.33%, Whitelist: 0, IPv4: 1, IPv6: 2, Min Delay: 13 ms, Max Speed: 24.16 M/s, Avg Speed: 24.16 M/s, Max Resolution: 1920x1080
Category: 🌊港·澳·台, Name: Now剧集, Total: 1, Valid: 0, Valid Percent: 0.00%, Whitelist: 0, IPv4: 1, IPv6: 0, Min Delay: 373 ms, Max Speed: 0.00 M/s, Avg Speed: 0.00 M/s, Max Resolution: None
Category: 🌊港·澳·台, Name: Now华剧, Total: 1, Valid: 1, Valid Percent: 100.00%, Whitelist: 0, IPv4: 1, IPv6: 0, Min Delay: 246 ms, Max Speed: 4.65 M/s, Avg Speed: 4.65 M/s, Max Resolution: 1024x576
Category: 🌊港·澳·台, Name: 靖天资讯, Total: 13, Valid: 1, Valid Percent: 7.69%, Whitelist: 0, IPv4: 1, IPv6: 12, Min Delay: 13 ms, Max Speed: 23.33 M/s, Avg Speed: 23.33 M/s, Max Resolution: 1920x1080
Category: 🎬电影频道, Name: CHC家庭影院, Total: 5, Valid: 0, Valid Percent: 0.00%, Whitelist: 0, IPv4: 0, IPv6: 5, Min Delay: -1 ms, Max Speed: 0.00 M/s, Avg Speed: 0.00 M/s, Max Resolution: None
Category: 🎬电影频道, Name: CHC动作电影, Total: 7, Valid: 0, Valid Percent: 0.00%, Whitelist: 0, IPv4: 0, IPv6: 7, Min Delay: -1 ms, Max Speed: 0.00 M/s, Avg Speed: 0.00 M/s, Max Resolution: None
Category: 🎬电影频道, Name: 淘剧场, Total: 3, Valid: 0, Valid Percent: 0.00%, Whitelist: 0, IPv4: 0, IPv6: 3, Min Delay: -1 ms, Max Speed: 0.00 M/s, Avg Speed: 0.00 M/s, Max Resolution: None
Category: 🎬电影频道, Name: 淘娱乐, Total: 3, Valid: 0, Valid Percent: 0.00%, Whitelist: 0, IPv4: 0, IPv6: 3, Min Delay: -1 ms, Max Speed: 0.00 M/s, Avg Speed: 0.00 M/s, Max Resolution: None
Category: 🎬电影频道, Name: 淘电影, Total: 8, Valid: 0, Valid Percent: 0.00%, Whitelist: 0, IPv4: 0, IPv6: 8, Min Delay: -1 ms, Max Speed: 0.00 M/s, Avg Speed: 0.00 M/s, Max Resolution: None
Category: 🎬电影频道, Name: NewTV惊悚悬疑, Total: 9, Valid: 0, Valid Percent: 0.00%, Whitelist: 0, IPv4: 0, IPv6: 9, Min Delay: -1 ms, Max Speed: 0.00 M/s, Avg Speed: 0.00 M/s, Max Resolution: None
Category: 🎬电影频道, Name: NewTV动作电影, Total: 3, Valid: 0, Valid Percent: 0.00%, Whitelist: 0, IPv4: 0, IPv6: 3, Min Delay: -1 ms, Max Speed: 0.00 M/s, Avg Speed: 0.00 M/s, Max Resolution: None
Category: 🎬电影频道, Name: 纬来电影, Total: 14, Valid: 0, Valid Percent: 0.00%, Whitelist: 0, IPv4: 0, IPv6: 14, Min Delay: -1 ms, Max Speed: 0.00 M/s, Avg Speed: 0.00 M/s, Max Resolution: None
Category: 🎬电影频道, Name: 靖天映画, Total: 7, Valid: 1, Valid Percent: 14.29%, Whitelist: 0, IPv4: 1, IPv6: 6, Min Delay: 14 ms, Max Speed: 22.83 M/s, Avg Speed: 22.83 M/s, Max Resolution: 1920x1080
Category: 🎬电影频道, Name: 靖天戏剧, Total: 13, Valid: 1, Valid Percent: 7.69%, Whitelist: 0, IPv4: 1, IPv6: 12, Min Delay: 14 ms, Max Speed: 22.34 M/s, Avg Speed: 22.34 M/s, Max Resolution: 1920x1080
Category: 🎬电影频道, Name: 经典电影, Total: 7, Valid: 1, Valid Percent: 14.29%, Whitelist: 0, IPv4: 1, IPv6: 6, Min Delay: 16 ms, Max Speed: 18.79 M/s, Avg Speed: 18.79 M/s, Max Resolution: 1920x1080
Category: 🎬电影频道, Name: IPTV经典电影, Total: 1, Valid: 1, Valid Percent: 100.00%, Whitelist: 0, IPv4: 1, IPv6: 0, Min Delay: 46 ms, Max Speed: 10.05 M/s, Avg Speed: 10.05 M/s, Max Resolution: 1920x1080
Category: 🎬电影频道, Name: 天映经典, Total: 22, Valid: 2, Valid Percent: 9.09%, Whitelist: 0, IPv4: 2, IPv6: 20, Min Delay: 15 ms, Max Speed: 20.13 M/s, Avg Speed: 18.49 M/s, Max Resolution: 1920x1080
Category: 🎬电影频道, Name: 无线星河, Total: 7, Valid: 0, Valid Percent: 0.00%, Whitelist: 0, IPv4: 0, IPv6: 7, Min Delay: -1 ms, Max Speed: 0.00 M/s, Avg Speed: 0.00 M/s, Max Resolution: None
Category: 🎬电影频道, Name: 星空卫视, Total: 6, Valid: 1, Valid Percent: 16.67%, Whitelist: 0, IPv4: 1, IPv6: 5, Min Delay: 12 ms, Max Speed: 26.29 M/s, Avg Speed: 26.29 M/s, Max Resolution: 1920x1080
Category: 🎬电影频道, Name: 东森电影, Total: 2, Valid: 0, Valid Percent: 0.00%, Whitelist: 0, IPv4: 0, IPv6: 2, Min Delay: -1 ms, Max Speed: 0.00 M/s, Avg Speed: 0.00 M/s, Max Resolution: None
Category: 🎬电影频道, Name: 龙祥电影, Total: 1, Valid: 0, Valid Percent: 0.00%, Whitelist: 0, IPv4: 0, IPv6: 1, Min Delay: -1 ms, Max Speed: 0.00 M/s, Avg Speed: 0.00 M/s, Max Resolution: None
Category: 🎬电影频道, Name: 东森洋片, Total: 11, Valid: 1, Valid Percent: 9.09%, Whitelist: 0, IPv4: 1, IPv6: 10, Min Delay: 16 ms, Max Speed: 19.14 M/s, Avg Speed: 19.14 M/s, Max Resolution: 1920x1080
Category: 🎬电影频道, Name: 东森超视, Total: 10, Valid: 0, Valid Percent: 0.00%, Whitelist: 0, IPv4: 0, IPv6: 10, Min Delay: -1 ms, Max Speed: 0.00 M/s, Avg Speed: 0.00 M/s, Max Resolution: None
Category: 🏀体育频道, Name: CCTV-5, Total: 76, Valid: 0, Valid Percent: 0.00%, Whitelist: 0, IPv4: 0, IPv6: 76, Min Delay: -1 ms, Max Speed: 0.00 M/s, Avg Speed: 0.00 M/s, Max Resolution: None
Category: 🏀体育频道, Name: CCTV-5+, Total: 11, Valid: 0, Valid Percent: 0.00%, Whitelist: 0, IPv4: 0, IPv6: 11, Min Delay: -1 ms, Max Speed: 0.00 M/s, Avg Speed: 0.00 M/s, Max Resolution: None
Category: 🏀体育频道, Name: 广东体育, Total: 56, Valid: 0, Valid Percent: 0.00%, Whitelist: 0, IPv4: 0, IPv6: 56, Min Delay: -1 ms, Max Speed: 0.00 M/s, Avg Speed: 0.00 M/s, Max Resolution: None
Category: 🏀体育频道, Name: 纬来体育, Total: 5, Valid: 0, Valid Percent: 0.00%, Whitelist: 0, IPv4: 0, IPv6: 5, Min Delay: -1 ms, Max Speed: 0.00 M/s, Avg Speed: 0.00 M/s, Max Resolution: None
Category: 🏀体育频道, Name: 五星体育, Total: 38, Valid: 0, Valid Percent: 0.00%, Whitelist: 0, IPv4: 0, IPv6: 38, Min Delay: -1 ms, Max Speed: 0.00 M/s, Avg Speed: 0.00 M/s, Max Resolution: None
Category: 🏀体育频道, Name: 劲爆体育, Total: 2, Valid: 0, Valid Percent: 0.00%, Whitelist: 0, IPv4: 0, IPv6: 2, Min Delay: -1 ms, Max Speed: 0.00 M/s, Avg Speed: 0.00 M/s, Max Resolution: None
Category: 🏀体育频道, Name: 爱体育, Total: 5, Valid: 0, Valid Percent: 0.00%, Whitelist: 0, IPv4: 0, IPv6: 5, Min Delay: -1 ms, Max Speed: 0.00 M/s, Avg Speed: 0.00 M/s, Max Resolution: None
Category: 🏀体育频道, Name: 广州竞赛, Total: 9, Valid: 0, Valid Percent: 0.00%, Whitelist: 0, IPv4: 0, IPv6: 9, Min Delay: -1 ms, Max Speed: 0.00 M/s, Avg Speed: 0.00 M/s, Max Resolution: None
Category: 🏀体育频道, Name: 辽宁体育, Total: 1, Valid: 1, Valid Percent: 100.00%, Whitelist: 0, IPv4: 1, IPv6: 0, Min Delay: 10455 ms, Max Speed: 0.00 M/s, Avg Speed: 0.00 M/s, Max Resolution: None
Category: 🏀体育频道, Name: 山东体育, Total: 10, Valid: 0, Valid Percent: 0.00%, Whitelist: 0, IPv4: 0, IPv6: 10, Min Delay: -1 ms, Max Speed: 0.00 M/s, Avg Speed: 0.00 M/s, Max Resolution: None
Category: 🏀体育频道, Name: 天津体育, Total: 1, Valid: 1, Valid Percent: 100.00%, Whitelist: 0, IPv4: 1, IPv6: 0, Min Delay: 547 ms, Max Speed: 0.12 M/s, Avg Speed: 0.12 M/s, Max Resolution: 1920x1080
Category: 🏀体育频道, Name: 江苏体育, Total: 10, Valid: 0, Valid Percent: 0.00%, Whitelist: 0, IPv4: 0, IPv6: 10, Min Delay: -1 ms, Max Speed: 0.00 M/s, Avg Speed: 0.00 M/s, Max Resolution: None
Category: 🏀体育频道, Name: 安徽综艺体育, Total: 5, Valid: 0, Valid Percent: 0.00%, Whitelist: 0, IPv4: 0, IPv6: 5, Min Delay: -1 ms, Max Speed: 0.00 M/s, Avg Speed: 0.00 M/s, Max Resolution: None
Category: 🏀体育频道, Name: 睛彩篮球, Total: 2, Valid: 0, Valid Percent: 0.00%, Whitelist: 0, IPv4: 0, IPv6: 2, Min Delay: -1 ms, Max Speed: 0.00 M/s, Avg Speed: 0.00 M/s, Max Resolution: None
Category: 🏀体育频道, Name: 睛彩广场舞, Total: 8, Valid: 0, Valid Percent: 0.00%, Whitelist: 0, IPv4: 0, IPv6: 8, Min Delay: -1 ms, Max Speed: 0.00 M/s, Avg Speed: 0.00 M/s, Max Resolution: None
Category: 🏀体育频道, Name: 风云足球, Total: 4, Valid: 0, Valid Percent: 0.00%, Whitelist: 0, IPv4: 0, IPv6: 4, Min Delay: -1 ms, Max Speed: 0.00 M/s, Avg Speed: 0.00 M/s, Max Resolution: None
Category: 🏀体育频道, Name: 魅力足球, Total: 7, Valid: 0, Valid Percent: 0.00%, Whitelist: 0, IPv4: 0, IPv6: 7, Min Delay: -1 ms, Max Speed: 0.00 M/s, Avg Speed: 0.00 M/s, Max Resolution: None
Category: 🏀体育频道, Name: 天元围棋, Total: 1, Valid: 0, Valid Percent: 0.00%, Whitelist: 0, IPv4: 0, IPv6: 1, Min Delay: -1 ms, Max Speed: 0.00 M/s, Avg Speed: 0.00 M/s, Max Resolution: None
Category: 🏀体育频道, Name: 快乐垂钓, Total: 22, Valid: 1, Valid Percent: 4.55%, Whitelist: 0, IPv4: 1, IPv6: 21, Min Delay: 531 ms, Max Speed: 0.03 M/s, Avg Speed: 0.03 M/s, Max Resolution: 1920x1080
Category: 🏀体育频道, Name: JJ斗地主, Total: 1, Valid: 0, Valid Percent: 0.00%, Whitelist: 0, IPv4: 0, IPv6: 1, Min Delay: -1 ms, Max Speed: 0.00 M/s, Avg Speed: 0.00 M/s, Max Resolution: None
Category: 🪁动画频道, Name: 卡酷动画, Total: 31, Valid: 0, Valid Percent: 0.00%, Whitelist: 0, IPv4: 0, IPv6: 31, Min Delay: -1 ms, Max Speed: 0.00 M/s, Avg Speed: 0.00 M/s, Max Resolution: None
Category: 🪁动画频道, Name: 动漫秀场, Total: 11, Valid: 0, Valid Percent: 0.00%, Whitelist: 0, IPv4: 0, IPv6: 11, Min Delay: -1 ms, Max Speed: 0.00 M/s, Avg Speed: 0.00 M/s, Max Resolution: None
Category: 🪁动画频道, Name: 新动漫, Total: 31, Valid: 0, Valid Percent: 0.00%, Whitelist: 0, IPv4: 0, IPv6: 31, Min Delay: -1 ms, Max Speed: 0.00 M/s, Avg Speed: 0.00 M/s, Max Resolution: None
Category: 🪁动画频道, Name: 爱动漫, Total: 4, Valid: 0, Valid Percent: 0.00%, Whitelist: 0, IPv4: 0, IPv6: 4, Min Delay: -1 ms, Max Speed: 0.00 M/s, Avg Speed: 0.00 M/s, Max Resolution: None
Category: 🪁动画频道, Name: CN卡通, Total: 3, Valid: 1, Valid Percent: 33.33%, Whitelist: 0, IPv4: 1, IPv6: 2, Min Delay: 15 ms, Max Speed: 20.29 M/s, Avg Speed: 20.29 M/s, Max Resolution: 1920x1080
Category: 🪁动画频道, Name: 优漫卡通, Total: 3, Valid: 0, Valid Percent: 0.00%, Whitelist: 0, IPv4: 0, IPv6: 3, Min Delay: -1 ms, Max Speed: 0.00 M/s, Avg Speed: 0.00 M/s, Max Resolution: None
Category: 🪁动画频道, Name: 金鹰卡通, Total: 10, Valid: 0, Valid Percent: 0.00%, Whitelist: 0, IPv4: 0, IPv6: 10, Min Delay: -1 ms, Max Speed: 0.00 M/s, Avg Speed: 0.00 M/s, Max Resolution: None
Category: 🪁动画频道, Name: 炫动卡通, Total: 30, Valid: 0, Valid Percent: 0.00%, Whitelist: 0, IPv4: 0, IPv6: 30, Min Delay: -1 ms, Max Speed: 0.00 M/s, Avg Speed: 0.00 M/s, Max Resolution: None
Category: 🪁动画频道, Name: 浙江少儿, Total: 4, Valid: 0, Valid Percent: 0.00%, Whitelist: 0, IPv4: 0, IPv6: 4, Min Delay: -1 ms, Max Speed: 0.00 M/s, Avg Speed: 0.00 M/s, Max Resolution: None
Category: 🪁动画频道, Name: 河北少儿科教, Total: 10, Valid: 0, Valid Percent: 0.00%, Whitelist: 0, IPv4: 0, IPv6: 10, Min Delay: -1 ms, Max Speed: 0.00 M/s, Avg Speed: 0.00 M/s, Max Resolution: None
Category: 🪁动画频道, Name: 七龙珠, Total: 1, Valid: 0, Valid Percent: 0.00%, Whitelist: 0, IPv4: 0, IPv6: 1, Min Delay: -1 ms, Max Speed: 0.00 M/s, Avg Speed: 0.00 M/s, Max Resolution: None
Category: 🪁动画频道, Name: 火影忍者, Total: 1, Valid: 0, Valid Percent: 0.00%, Whitelist: 0, IPv4: 0, IPv6: 1, Min Delay: -1 ms, Max Speed: 0.00 M/s, Avg Speed: 0.00 M/s, Max Resolution: None
Category: 🪁动画频道, Name: 海绵宝宝, Total: 1, Valid: 0, Valid Percent: 0.00%, Whitelist: 0, IPv4: 0, IPv6: 1, Min Delay: -1 ms, Max Speed: 0.00 M/s, Avg Speed: 0.00 M/s, Max Resolution: None
Category: 🪁动画频道, Name: 中华小当家, Total: 2, Valid: 0, Valid Percent: 0.00%, Whitelist: 0, IPv4: 0, IPv6: 2, Min Delay: -1 ms, Max Speed: 0.00 M/s, Avg Speed: 0.00 M/s, Max Resolution: None
Category: 🪁动画频道, Name: 猫和老鼠, Total: 2, Valid: 0, Valid Percent: 0.00%, Whitelist: 0, IPv4: 0, IPv6: 2, Min Delay: -1 ms, Max Speed: 0.00 M/s, Avg Speed: 0.00 M/s, Max Resolution: None
Category: 🪁动画频道, Name: 蜡笔小新, Total: 1, Valid: 1, Valid Percent: 100.00%, Whitelist: 0, IPv4: 1, IPv6: 0, Min Delay: 25 ms, Max Speed: 18.49 M/s, Avg Speed: 18.49 M/s, Max Resolution: 1920x1080
Category: 🪁动画频道, Name: 漫画解说, Total: 2, Valid: 0, Valid Percent: 0.00%, Whitelist: 0, IPv4: 0, IPv6: 2, Min Delay: -1 ms, Max Speed: 0.00 M/s, Avg Speed: 0.00 M/s, Max Resolution: None
Category: 🎮游戏频道, Name: 游戏风云, Total: 3, Valid: 0, Valid Percent: 0.00%, Whitelist: 0, IPv4: 0, IPv6: 3, Min Delay: -1 ms, Max Speed: 0.00 M/s, Avg Speed: 0.00 M/s, Max Resolution: None
Category: 🎮游戏频道, Name: 爱电竞, Total: 1, Valid: 0, Valid Percent: 0.00%, Whitelist: 0, IPv4: 0, IPv6: 1, Min Delay: -1 ms, Max Speed: 0.00 M/s, Avg Speed: 0.00 M/s, Max Resolution: None
Category: 🎵音乐频道, Name: CCTV-15, Total: 44, Valid: 0, Valid Percent: 0.00%, Whitelist: 0, IPv4: 0, IPv6: 44, Min Delay: -1 ms, Max Speed: 0.00 M/s, Avg Speed: 0.00 M/s, Max Resolution: None
Category: 🎵音乐频道, Name: 风云音乐, Total: 2, Valid: 0, Valid Percent: 0.00%, Whitelist: 0, IPv4: 0, IPv6: 2, Min Delay: -1 ms, Max Speed: 0.00 M/s, Avg Speed: 0.00 M/s, Max Resolution: None
Category: 🎵音乐频道, Name: 音乐现场, Total: 2, Valid: 2, Valid Percent: 100.00%, Whitelist: 0, IPv4: 2, IPv6: 0, Min Delay: 6 ms, Max Speed: 14.98 M/s, Avg Speed: 12.97 M/s, Max Resolution: None
Category: 🎵音乐频道, Name: 潮流音乐, Total: 1, Valid: 1, Valid Percent: 100.00%, Whitelist: 0, IPv4: 1, IPv6: 0, Min Delay: 10033 ms, Max Speed: 0.03 M/s, Avg Speed: 0.03 M/s, Max Resolution: None
Category: 🎵音乐频道, Name: 音乐广播, Total: 29, Valid: 0, Valid Percent: 0.00%, Whitelist: 0, IPv4: 0, IPv6: 29, Min Delay: -1 ms, Max Speed: 0.00 M/s, Avg Speed: 0.00 M/s, Max Resolution: None
Category: 🏛经典剧场, Name: 笑傲江湖, Total: 1, Valid: 0, Valid Percent: 0.00%, Whitelist: 0, IPv4: 0, IPv6: 1, Min Delay: -1 ms, Max Speed: 0.00 M/s, Avg Speed: 0.00 M/s, Max Resolution: None
Category: 🏛经典剧场, Name: 天龙八部, Total: 1, Valid: 0, Valid Percent: 0.00%, Whitelist: 0, IPv4: 0, IPv6: 1, Min Delay: -1 ms, Max Speed: 0.00 M/s, Avg Speed: 0.00 M/s, Max Resolution: None
Category: 🏛经典剧场, Name: 鹿鼎记, Total: 1, Valid: 1, Valid Percent: 100.00%, Whitelist: 0, IPv4: 1, IPv6: 0, Min Delay: 1952 ms, Max Speed: 0.18 M/s, Avg Speed: 0.18 M/s, Max Resolution: 800x600
Category: 🏛经典剧场, Name: 仙剑奇侠传, Total: 1, Valid: 1, Valid Percent: 100.00%, Whitelist: 0, IPv4: 1, IPv6: 0, Min Delay: 2783 ms, Max Speed: 1.02 M/s, Avg Speed: 1.02 M/s, Max Resolution: 1920x1080
Category: 🏛经典剧场, Name: 西游记, Total: 3, Valid: 0, Valid Percent: 0.00%, Whitelist: 0, IPv4: 0, IPv6: 3, Min Delay: -1 ms, Max Speed: 0.00 M/s, Avg Speed: 0.00 M/s, Max Resolution: None
Category: 🏛经典剧场, Name: 三国演义, Total: 1, Valid: 0, Valid Percent: 0.00%, Whitelist: 0, IPv4: 0, IPv6: 1, Min Delay: -1 ms, Max Speed: 0.00 M/s, Avg Speed: 0.00 M/s, Max Resolution: None
Category: 🏛经典剧场, Name: 水浒传, Total: 1, Valid: 0, Valid Percent: 0.00%, Whitelist: 0, IPv4: 0, IPv6: 1, Min Delay: -1 ms, Max Speed: 0.00 M/s, Avg Speed: 0.00 M/s, Max Resolution: None
Category: 🏛经典剧场, Name: 新白娘子传奇, Total: 1, Valid: 1, Valid Percent: 100.00%, Whitelist: 0, IPv4: 1, IPv6: 0, Min Delay: 2130 ms, Max Speed: 0.18 M/s, Avg Speed: 0.18 M/s, Max Resolution: 800x600
Category: 🏛经典剧场, Name: 闯关东, Total: 1, Valid: 1, Valid Percent: 100.00%, Whitelist: 0, IPv4: 1, IPv6: 0, Min Delay: 8 ms, Max Speed: 12.31 M/s, Avg Speed: 12.31 M/s, Max Resolution: 1280x720
